publishedAt,title,description,thumbnailurl
2018-02-28T17:00:42Z,The Original Orange Chicken by Panda Express,Reserve the One Top: http://bit.ly/2v0iast Get the recipe: https://tasty.co/recipe/original-orange-chicken-by-panda-express Buy the Tasty Cookbook Today: ...,https://i.ytimg.com/vi/5Sa9nYKiYg0/default.jpg
2017-06-14T16:00:09Z,The Best Chewy Chocolate Chip Cookies,"Check out the Tasty One-Stop Shop for cookbooks, aprons, hats, and more at TastyShop.com: http://bit.ly/2mEBY0e Super soft, chewy, and studded with ...",https://i.ytimg.com/vi/3vUtRRZG0xY/default.jpg
2018-07-22T16:00:19Z,The Most Fool-Proof Macarons You&#39;ll Ever Make,https://www.buzzfeed.com/marietelling/how-to-make-macarons?utm_term=.kkgkRxLmw#.ae7RewPg4 Get the recipe! - https://tasty.co/recipe/macarons Shop the ...,https://i.ytimg.com/vi/MjVgIXccYXA/default.jpg
2016-10-27T01:00:00Z,How To Cook With Cast Iron,This guide will make cooking with cast iron a breeze! Check us out on Facebook! - facebook.com/buzzfeedtasty MUSIC Promenade En Provence Licensed via ...,https://i.ytimg.com/vi/KLGSLCaksdY/default.jpg
2016-02-25T22:23:40Z,Chicken Pot Pie (As Made By Wolfgang Puck),"Read more! - http://bzfd.it/1XPgzLN Recipe! 2 pounds cooked boneless, skinless chicken, shredded Salt Freshly ground black pepper 4 tablespoons vegetable ...",https://i.ytimg.com/vi/_eOA-zawYEA/default.jpg
2018-11-10T16:00:07Z,How To Make The Creamiest Mashed Potatoes,Check us out on Facebook! - facebook.com/buzzfeedtasty Credits: https://www.buzzfeed.com/bfmp/videos/67341.,https://i.ytimg.com/vi/x6O9SwocyKQ/default.jpg
2017-03-30T22:00:19Z,Homemade Chicken Tikka Masala,"Here is what you'll need! Homemade Chicken Tikka Masala Servings: 5-6 INGREDIENTS Chicken Marinade 3 boneless, skinless chicken breasts 1 lemon 125 ...",https://i.ytimg.com/vi/lnRmIKkGCIA/default.jpg
2016-05-31T18:00:00Z,Puff Pastry 4 Ways,Here is what you'll need! RECIPE: Cream Cheese Filling INGREDIENTS 1 8-ounce block cream cheese ¼ cup granulated sugar ½ teaspoon vanilla extract ...,https://i.ytimg.com/vi/3_Pp9fwLkBY/default.jpg
2018-11-17T20:00:01Z,Can We Make A Dish Without Knowing The Ingredients?,"Alix and Rie team up to play a recipe game where a cook must figure out how to make a mystery dish using only verbal commands from an instructor, but there's ...",https://i.ytimg.com/vi/kIwF0z9W5pE/default.jpg
2018-04-22T15:00:30Z,How To Cook A Perfect Risotto,https://www.buzzfeed.com/marietelling/how-to-make-risotto?utm_term=.beNOOPok8#.bt4xx8LRq Shop the Tasty kitchenware collection here: ...,https://i.ytimg.com/vi/NKtR3KpS83w/default.jpg
2018-05-20T19:00:37Z,How To Make Homemade Japanese Food,Check us out on Facebook! - facebook.com/buzzfeedtasty Credits: https://www.buzzfeed.com/bfmp/videos/57173 MUSIC Licensed via Audio Network.,https://i.ytimg.com/vi/7mz9UKbGyzo/default.jpg
2018-01-08T18:22:31Z,8 Desserts in 1 Sheet Tray,Get the recipe: https://tasty.co/recipe/8-desserts-in-1-pan To check out classic Tasty recipes on our NEW @Tasty Recipes YouTube page ...,https://i.ytimg.com/vi/_yDm51-lR2I/default.jpg
2018-03-03T02:00:14Z,Wolfgang Puck’s Oscar Worthy Dishes,Check out a few secrets from Wolfgang Puck who is catering the offical Oscar's afterparty this year. Check out his website: http://wolfgangpuck.com/catering Here ...,https://i.ytimg.com/vi/ONZAeOIqsjA/default.jpg
2019-03-14T19:00:02Z,How To Make Moist Carrot Cake With Kiano • Tasty,"Kiano shares baking tips on how to make delicious moist carrot cake. If you want more of Tasty, check out our merch here: https://amzn.to/2GJ2xvv Subscribe to ...",https://i.ytimg.com/vi/ONFXCECvIlc/default.jpg
2018-04-18T22:00:44Z,100-Layer Lasagna Challenge: Behind Tasty,Get the recipe: https://tasty.co/recipe/100-layer-lasagna Shop the Tasty kitchenware collection here: http://bit.ly/2IooLS4 Check us out on Facebook!,https://i.ytimg.com/vi/xBiB4CIq9FE/default.jpg
2018-11-24T20:00:00Z,Can This Chef Make A 3-Course Meal In A Coffee Maker?,Alexis is challenged to make a delicious 3-course meal using only one tricky appliance. Follow Alexis on Instagram @alexisdeboschnek Check us out on ...,https://i.ytimg.com/vi/B4Jlofn3qZI/default.jpg
2018-05-05T16:00:47Z,We Tried To Re-Create This Cheese-Covered Burger,"""This week Andrew and Niki cover a burger in cheese! Make sure to check out new episodes of Eating Your Feed every Saturday."" Check us out on Facebook!",https://i.ytimg.com/vi/dKccvk36atQ/default.jpg
2017-11-04T22:00:36Z,How Mozzarella Is Made,Reserve the One Top: http://bit.ly/2v0iast Credits: FB: https://www.facebook.com/CasaDellaMozzarella/ IG: https://www.instagram.com/casadellamozzarella/ ...,https://i.ytimg.com/vi/pU_VoyWfLfY/default.jpg
2017-09-24T15:00:53Z,Basic Knife Skills,Learn how to chop properly with your knives! Check us out on Facebook! - facebook.com/buzzfeedtasty Credits: https://www.buzzfeed.com/bfmp/videos/27336 ...,https://i.ytimg.com/vi/G-Fg7l7G1zw/default.jpg
2020-06-12T19:00:08Z,Can This Chef Make Froot Loops Fancy? • Tasty,Rie is challenged to make Froot Loops fancy! Check out the newest MAKE IT FANCY MERCH! https://bzfd.it/shopfancyyoutube Subscribe to Rie on YouTube: ...,https://i.ytimg.com/vi/Y2NGZl4JHNs/default.jpg
2019-08-02T15:00:17Z,Can This Chef Make Twinkies Fancy? • Tasty,"Make your OWN fancy recipe with this interactive Make It Fancy episode: https://bzfd.it/2UHAkfz ""Make it fancy!!"" Subscribe to Tasty: https://bzfd.it/2ri82Z1 About ...",https://i.ytimg.com/vi/s-G74EQIwEQ/default.jpg
2019-08-25T15:00:00Z,How Bagels Are Made • Tasty,"Take a look behind the scenes at the mesmerizing process to make soft, chewy bagels. Check Out Orwashers Bakery: https://www.orwashers.com Follow them ...",https://i.ytimg.com/vi/6QUt8KEAs_0/default.jpg
2019-01-14T17:00:11Z,5 Keto Recipes That Will Fill You Up • Tasty,"Subscribe to Tasty: https://bzfd.it/2ri82Z1 About Tasty: The official YouTube channel of all things Tasty, the world's largest food network. From recipes ...",https://i.ytimg.com/vi/lrwMKkyU14k/default.jpg
2020-05-02T15:00:11Z,Can This Chef Cook A 3-Course Meal With Power Tools? • Tasty,I think you've broken me. This is the end!” This video was filmed before shelter-in-place orders were announced. BuzzFeed employees are now practicing social ...,https://i.ytimg.com/vi/RPGHKJUOl8I/default.jpg
2020-04-15T17:32:31Z,Saturday Night Seder: The Prince of Egypt&#39;s When You Believe (ft. Shoshana Bean and Cynthia Erivo),"Music Produced, edited and mixed by Michael J. Moritz Jr Shop the NEW Tasty Merch: https://bzfd.it/shoptastyyoutube Subscribe to Tasty: https://bzfd.it/2ri82Z1 ...",https://i.ytimg.com/vi/fsf6V2ciuqE/default.jpg
2017-01-26T17:00:04Z,Tasty Nacho Cook-Off,Customize & buy the Tasty Cookbook here: http://bzfd.it/2fpfeu5 Here is what you'll need! STEAK AND POTATO NACHOS Serves 4 - 6 INGREDIENTS 2 russet ...,https://i.ytimg.com/vi/rKhYDgs_ncc/default.jpg
2019-03-16T15:00:05Z,Can This Chef Make A 3-Course Meal With A Clothing Iron? • Tasty,Alexis is challenged to make a 3-course meal with one clever caveat. She must cook without any pots or pans and using only a clothing iron! If you want more of ...,https://i.ytimg.com/vi/fjCinn-sjzk/default.jpg
2017-06-19T16:20:10Z,Tasty Cook-Off: Burgers,"PUB BURGER WITH CARAMELIZED ONIONS AND BACON Servings: 1 INGREDIENTS 2 slices bacon 1 sweet onion, sliced thinly 1 tablespoon balsamic ...",https://i.ytimg.com/vi/ko_XULzxKco/default.jpg
2018-05-26T15:00:09Z,We Tried To Make The Most Intimidating Pasta Dish (Timpano),A little danger adds a lot of excitement to a meal!” Check us out on Facebook! - facebook.com/buzzfeedtasty Credits: ...,https://i.ytimg.com/vi/YpUDblEURdY/default.jpg
2017-04-07T16:00:29Z,Tasty Cook-Off: Fried Chicken,Here is what you'll need! BUTTERMILK FRIED CHICKEN THIGHS Servings: 8-12 INGREDIENTS 8-12 boneless skinless chicken thighs Oil for frying Buttermilk ...,https://i.ytimg.com/vi/gauyUvRIPzs/default.jpg
2018-07-01T16:00:22Z,The Best Brownies You&#39;ll Ever Eat,https://www.buzzfeed.com/marietelling/heres-exactly-how-to-make-the-best-brownies-of-your-life?utm_term=.riAvJ3ae2x#.qrQ6pkmVxv Shop the Tasty ...,https://i.ytimg.com/vi/VvJm4pQZ04s/default.jpg
2018-04-29T15:00:19Z,How To Make Perfect Chocolate Chip Cookies,https://www.buzzfeed.com/marietelling/brown-butter-chocolate-chip-cookies Shop the Tasty kitchenware collection here: http://bit.ly/2IooLS4 Check us out on ...,https://i.ytimg.com/vi/rEdl2Uetpvo/default.jpg
2019-08-31T15:00:08Z,Can This Chef Make A 3-Course Meal With A Blender? • Tasty,"Smells kind of like a...natural food shop.” Subscribe to Tasty: https://bzfd.it/2ri82Z1 About Tasty: The official YouTube channel of all things Tasty, the world's ...",https://i.ytimg.com/vi/o8F2ZKZ5XsQ/default.jpg
2020-03-13T16:00:04Z,Can This Chef Make Canned Ravioli Fancy? • Tasty,Rie is challenged to make Chef Boyardee fancy! Check out the newest MAKE IT FANCY MERCH! https://bzfd.it/shopfancyyoutube Shop the NEW Tasty Merch: ...,https://i.ytimg.com/vi/DiaCXyapXgA/default.jpg
2016-12-29T20:00:03Z,Nutritious Pancakes 4 Ways,"Customize & buy the Tasty Cookbook here: http://bzfd.it/2fpfeu5 Here is what you'll need! BANANA PANCAKES Servings: 4 INGREDIENTS 2 large, ripe ...",https://i.ytimg.com/vi/kBZZk0HqLeY/default.jpg
2018-11-18T16:00:07Z,Can This Chef Make Instant Ramen Fancy?,Make your OWN fancy recipe with this interactive Make It Fancy episode: https://bzfd.it/2UHAkfz Follow Rie @thedessertsnob ...,https://i.ytimg.com/vi/w7CtP73taJA/default.jpg
2018-07-08T16:00:59Z,The Fluffiest Pancakes You&#39;ll Ever Eat,https://www.buzzfeed.com/marietelling/best-pancake-recipe?utm_term=.qq9nV53Yx#.jbXw618Yd Shop the Tasty kitchenware collection here: ...,https://i.ytimg.com/vi/BPl7D20F2mE/default.jpg
2020-05-15T19:00:02Z,Can This Chef Make Eggos Fancy? • Tasty,Rie is challenged to make Eggo waffles fancy! Check out the newest MAKE IT FANCY MERCH! https://bzfd.it/shopfancyyoutube Subscribe to Rie on YouTube: ...,https://i.ytimg.com/vi/BcfJjV0MpXY/default.jpg
2019-10-11T19:00:00Z,Can This Chef Make Lunchables Fancy? • Tasty,Make your OWN fancy recipe with this interactive Make It Fancy episode: https://bzfd.it/2UHAkfz Is it possible for Rie to make Lunchables fancy? Shop the NEW ...,https://i.ytimg.com/vi/4h7cYsDBsPo/default.jpg
2018-04-13T20:00:23Z,Making A Giant Macaron: Behind Tasty,Shop the Tasty kitchenware collection here: http://bit.ly/2IooLS4 Check us out on Facebook! - facebook.com/buzzfeedtasty Credits: ...,https://i.ytimg.com/vi/oh0k_4SAXpM/default.jpg
2018-10-26T15:00:05Z,Can These Chefs Create These Twin&#39;s Magical Feast?,"Tasty Chefs Alix and Alexis compete to turn twins Drew and Carter's wizard drawing into a delicious, real-world dish. Whose dish will slay the dragon? Follow ...",https://i.ytimg.com/vi/gphcNDhK5jY/default.jpg
2020-04-02T19:00:24Z,Can Bad Bunny Make A Tasty Recipe? • Tasty,"Bad Bunny loves food and he loves Tasty, so we invited him to our office to make a Tasty Recipe video of his own. Check out the behind the scenes footage and ...",https://i.ytimg.com/vi/qQcU5SZ7lRU/default.jpg
2019-05-26T15:00:08Z,Can These Chefs Turn This Fairy Drawing Into A Dessert? • Tasty,"Tasty Chefs Alix and Rie compete to turn Lynden's fairy drawing into delicious, real-world desserts. Whose dish has the right amount of fairy dust? If you want ...",https://i.ytimg.com/vi/vJqEYwrcLBs/default.jpg
2018-11-24T16:00:03Z,How to Make the Creamiest Cheesecake,Check us out on Facebook! - facebook.com/buzzfeedtasty Credits: https://www.buzzfeed.com/bfmp/videos/68920.,https://i.ytimg.com/vi/Ov4u0ARMWKQ/default.jpg
2020-04-18T15:00:15Z,Can This Chef Cook A 3-Course Meal With A Dishwasher? • Tasty,This could be a total disaster! It's gonna be a really long day...” This video was filmed before shelter-in-place orders were announced. BuzzFeed employees are ...,https://i.ytimg.com/vi/eQ5pF9y1_UM/default.jpg
2017-11-23T17:00:54Z,12 Healthy Smoothies,Try any of these healthy smoothies to jumpstart your day! Here is what you'll need! https://tasty.co/recipe/cucumber-apple-mint-smoothie ...,https://i.ytimg.com/vi/YuDhbLQtt2k/default.jpg
2018-12-22T16:00:04Z,How To Make Homemade Cinnamon Rolls • Tasty,Wake up to the smell of cinnamon rolls this Christmas! Get the step-by-step recipe here: https://bzfd.it/2A5blb1 Subscribe to Tasty: https://bzfd.it/2ri82Z1 About ...,https://i.ytimg.com/vi/_Q0FYoCl4Cs/default.jpg
2019-12-27T17:00:16Z,Tasty&#39;s Favorite Moments Of 2019 • Tasty,"Rap videos with Alvin, crazy costumes with Katie, and don't forget the Make It Fancy dance with Rie! These are Tasty's favorite moments of 2019! Shop the NEW ...",https://i.ytimg.com/vi/rj61-moUqZA/default.jpg
2020-01-17T17:00:07Z,Can This Chef Make Frozen Fries Fancy? • Tasty,"Rie is challenged to make frozen fries fancy, can she do it? Make your OWN fancy recipe with this interactive Make It Fancy episode: https://bzfd.it/2UHAkfz ...",https://i.ytimg.com/vi/TCe2f45SOzo/default.jpg
2019-06-30T15:00:02Z,Can These Chefs Turn This Ice Queen Drawing Into Real Food? • Tasty,"Tasty Chefs Alix and Hannah compete to turn Asmara's ice queen drawing into a delicious, real-world treat. Who will freeze under pressure? Subscribe to Tasty: ...",https://i.ytimg.com/vi/GVP8qLK_8Ig/default.jpg
2019-03-03T16:00:01Z,I Made A Giant 30-Pound Donut For A Bodybuilder • Tasty,"""It's time to go big or go home. I really don't want to go home."" If you want more of Tasty, check out our merch here: https://amzn.to/2GJ2xvv Subscribe to Tasty: ...",https://i.ytimg.com/vi/7ijzCB-A76A/default.jpg
2019-07-13T15:00:01Z,Can This Chef Make SPAM Fancy? • Tasty,"Make your OWN fancy recipe with this interactive Make It Fancy episode: https://bzfd.it/2UHAkfz ""It's gonna be a tough day at work."" Subscribe to Tasty: ...",https://i.ytimg.com/vi/9KBQl5HAlWk/default.jpg
2020-04-17T16:00:13Z,Can This Chef Make Tater Tots Fancy? • Tasty,Rie is challenged to make Tater Tots fancy! Check out the newest MAKE IT FANCY MERCH! https://bzfd.it/shopfancyyoutube Follow Rie on Instagram: ...,https://i.ytimg.com/vi/NWttynGJIHI/default.jpg
2016-12-19T20:00:00Z,4 Famous Sandwiches from 4 Cities,"Customize & buy the Tasty Cookbook here: http://bzfd.it/2fpfeu5 Here is what you'll need! 4 Famous Sandwiches from 4 Cities PHILADELPHIA, PA: PHILLY ...",https://i.ytimg.com/vi/FHQw1TpU6j8/default.jpg
2019-11-18T17:00:00Z,How To Build The Ultimate Cheese Board • Tasty,"Impress all your guests this holiday season with the ultimate cheese board, it's almost too pretty to eat! Special thanks to Lady and Larder for the cheese board ...",https://i.ytimg.com/vi/-PNDmXXbWWQ/default.jpg
2019-08-17T15:00:06Z,Can This Chef Make Marshmallows Fancy? • Tasty,Make your OWN fancy recipe with this interactive Make It Fancy episode: https://bzfd.it/2UHAkfz Can Rie turn marshmallows into a luxury dish? Subscribe to ...,https://i.ytimg.com/vi/dQuRfXhjld4/default.jpg
2018-06-21T22:00:31Z,Pantry Pastas 4 Ways,Get the recipe! - https://tasty.co/compilation/pantry-pastas-4-ways Shop the Tasty kitchenware collection here: http://bit.ly/2IooLS4 Check us out on Facebook!,https://i.ytimg.com/vi/CKmvWsE1BLs/default.jpg
2020-03-20T16:00:12Z,How To Make The Perfect Egg With Eric Nam • Tasty,Eric Nam stopped by Tasty to cook us his favorite kind of eggs! Eric's YouTube: https://www.youtube.com/user/EricSinging We're mindful of how the current ...,https://i.ytimg.com/vi/YotaVLss8D4/default.jpg
2019-02-24T16:00:02Z,Can This Chef Make Boxed Mac &#39;N&#39; Cheese Fancy? • Tasty,Make your OWN fancy recipe with this interactive Make It Fancy episode: https://bzfd.it/2UHAkfz Can Rie turn regular boxed mac 'n' cheese into a fancy dish?,https://i.ytimg.com/vi/XEOzx3_C0oo/default.jpg
2018-07-15T15:00:47Z,The Best Homemade Pizza You&#39;ll Ever Eat,Get the recipe for the best homemade pizza: https://www.buzzfeed.com/marietelling/pizza-dough-recipe?utm_term=.ioz4kpD7lA#.lsDMVvejlW To check out ...,https://i.ytimg.com/vi/sv3TXMSv6Lw/default.jpg
2019-10-18T19:00:00Z,Can This Chef Make Candy Corn Fancy?,"Make your OWN fancy recipe with this interactive Make It Fancy episode: https://bzfd.it/2UHAkfz Rie's back at it again with a ~spooky~ theme, can she make ...",https://i.ytimg.com/vi/C_0CCTK7owM/default.jpg
2019-12-21T16:00:08Z,I Tried To Re-Create This Cheesy Bread Cube • Eating Your Feed • Tasty,This time Rie has been challenged! Shop the NEW Tasty Merch: https://bzfd.it/shoptastyyoutube Subscribe to Tasty: https://bzfd.it/2ri82Z1 About Tasty: The ...,https://i.ytimg.com/vi/c989XY-icko/default.jpg
2018-07-27T19:00:27Z,9 Essential Egg Recipes,https://www.buzzfeed.com/marietelling/unexpected-ways-to-cook Shop the Tasty kitchenware collection here: http://bit.ly/2IooLS4 Check us out on Facebook!,https://i.ytimg.com/vi/YfDKe2b9Si4/default.jpg
2019-12-06T17:00:06Z,Can This Chef Make Chocolate Pudding Fancy? • Tasty,Rie must make chocolate pudding into something fancy! Make your OWN fancy recipe with this interactive Make It Fancy episode: https://bzfd.it/2UHAkfz Check ...,https://i.ytimg.com/vi/FieutD1LRlM/default.jpg
2018-07-29T16:00:09Z,The Best Homemade Pasta You&#39;ll Ever Eat,Check us out on Facebook! - facebook.com/buzzfeedtasty Credits: https://www.buzzfeed.com/bfmp/videos/14508 MUSIC Licensed via Audio Network When The ...,https://i.ytimg.com/vi/YNHqjFyk5gU/default.jpg
2019-03-02T16:00:03Z,I Tried To Re-Create This $180 Sandwich • Eating Your Feed • Tasty,"""I think I can do this, and I think it's going to be a really delicious day."" Eating Your Feed now has merch! Check it out: https://bzfd.it/shopeatingyourfeed ...",https://i.ytimg.com/vi/_wRA47V3abk/default.jpg
2018-05-12T15:00:32Z,We Tried To Re-Create This Giant Cinnamon Roll,OH MY GOD THEY”RE GIGANTIC!” Check us out on Facebook! - facebook.com/buzzfeedtasty Credits: https://www.buzzfeed.com/bfmp/videos/52325 Eating ...,https://i.ytimg.com/vi/mAfkkgw_-68/default.jpg
2018-09-02T15:00:42Z,Giant Chocolate Souffle: Behind Tasty,Can get enough? Watch the final Giant Chocolate Souffle recipe now! - https://www.youtube.com/watch?v=2ffk64YopFo Follow Alix on instagram for more ...,https://i.ytimg.com/vi/PkHotdob_08/default.jpg
2019-01-20T16:00:06Z,I Made A Giant 3-Foot Pizza Slice • Tasty,"""We're going for one slice the size of FOUR entire pizzas."" Watch Alvin make a giant 3-foot pizza slice from scratch! Subscribe to Tasty: https://bzfd.it/2ri82Z1 ...",https://i.ytimg.com/vi/kwYXO54cLlI/default.jpg
2019-09-20T16:00:14Z,Can This Chef Make Jell-O Fancy? • Tasty,Make your OWN fancy recipe with this interactive Make It Fancy episode: https://bzfd.it/2UHAkfz Can Rie make Jell-O fancy?? Shop the NEW Tasty Merch: ...,https://i.ytimg.com/vi/x9OVrvqs4Uc/default.jpg
2020-03-27T19:00:26Z,Can This Chef Make Flamin&#39; Hot Cheetos Fancy? • Tasty,Rie is challenged to make Flamin' Hot Cheetos Fancy! Check out the newest MAKE IT FANCY MERCH! https://bzfd.it/shopfancyyoutube We're mindful of how ...,https://i.ytimg.com/vi/mAF0UMHzwjs/default.jpg
2018-07-07T15:00:25Z,We Tried To Make Mozzarella,"""It's like freshly shampooed hair."" Shop the Tasty kitchenware collection here: http://bit.ly/2IooLS4 Check us out on Facebook! - facebook.com/buzzfeedtasty ...",https://i.ytimg.com/vi/MXZrwK-qFXo/default.jpg
2019-06-01T15:00:03Z,I Made Giant 50-Pound Pancakes For The Try Guys • Tasty,"I can't even lift it, they're so heavy.” Subscribe to Tasty: https://bzfd.it/2ri82Z1 About Tasty: The official YouTube channel of all things Tasty, the world's largest ...",https://i.ytimg.com/vi/PYsE5K9Vgns/default.jpg
2019-10-20T16:00:04Z,How Croissants Are Made • Tasty,Learn about the buttery magic behind how croissants are made ✨ Shop the NEW Tasty Merch: https://bzfd.it/shoptastyyoutube Subscribe to Tasty: ...,https://i.ytimg.com/vi/beOxJm1_tbk/default.jpg
2019-12-13T17:00:09Z,Can This Chef Make Brownie Mix Fancy? • Tasty,A Special Holiday Edition of Make It Fancy! Make your OWN fancy recipe with this interactive Make It Fancy episode: https://bzfd.it/2UHAkfz Check out our new ...,https://i.ytimg.com/vi/L-A1uoluC3A/default.jpg
2017-11-24T23:00:13Z,5 Hearty Slow Cooker Recipes,Here is what you'll need! https://tasty.co/recipe/slow-cooker-ribs https://tasty.co/recipe/slow-cooker-pot-roast-1 ...,https://i.ytimg.com/vi/y1vm2pncEwQ/default.jpg
2019-05-25T15:00:06Z,I Made Giant Chicken Nuggets And Fries For A Competitive Eater • Tasty,"There's 7 pounds of chicken in each nugget. Things are about to get a little messy.” Be sure to watch Godzilla: King of Monsters, in theaters May 31st.",https://i.ytimg.com/vi/q5Un0Dd0TIU/default.jpg
2018-05-04T19:00:15Z,How To Cook Meals Kids Will Love,Get the recipes: https://tasty.co/compilation/how-to-cook-for-kids Shop the Tasty kitchenware collection here: http://bit.ly/2IooLS4 Check us out on Facebook!,https://i.ytimg.com/vi/m3MgAOe2zSs/default.jpg
2020-02-14T17:45:00Z,Can This Chef Make Canned Soup Fancy? • Tasty,Check out our new MAKE IT FANCY MERCH! https://bzfd.it/shopfancyyoutube Make your OWN fancy recipe with this interactive Make It Fancy episode. Try it for ...,https://i.ytimg.com/vi/4VzA5u-Z1j8/default.jpg
2017-11-11T20:00:48Z,Making Chocolate Croissants: Behind Tasty,Reserve the One Top: http://bit.ly/2v0iast Here is what you'll need! Homemade Chocolate Croissants (Pain Au Chocolate) Servings: 8 INGREDIENTS 4 cups ...,https://i.ytimg.com/vi/VvlBSgUrNSQ/default.jpg
2019-11-17T16:00:10Z,Can These Chefs Turn This Yeti Drawing Into Real Food? • Tasty,Tasty chefs Rie and Alvin compete to turn TJ's yeti drawing into real world desserts. Who will make the most abominable treat? Shop the NEW Tasty Merch: ...,https://i.ytimg.com/vi/PjiF8XmVDso/default.jpg
2018-02-14T17:00:40Z,Homemade Vs. Boxed Chocolate Cake,Get the recipe here!: https://tasty.co/recipe/the-ultimate-chocolate-cake Reserve the One Top: http://bit.ly/2v0iast Check us out on Facebook!,https://i.ytimg.com/vi/sTfUSq8-9Jw/default.jpg
2019-12-06T20:00:00Z,I Baked A Cake Using 30 Hacks In A Row,Pinterest approved? Shop the NEW Tasty Merch: https://bzfd.it/shoptastyyoutube Subscribe to Tasty: https://bzfd.it/2ri82Z1 About Tasty: The official YouTube ...,https://i.ytimg.com/vi/AXG8vZmNuaE/default.jpg
2018-12-14T16:00:09Z,I Made A Giant 30-Pound Burger,14 pounds of beef. 10 pounds of dough. 6 pounds of cheese. This burger is going to be 56 times the size of a regular burger. To check out classic Tasty recipes ...,https://i.ytimg.com/vi/z4L2E6_Gmkk/default.jpg
2019-09-06T16:00:03Z,Can This Chef Make Cake Mix Fancy? • Tasty,Make your OWN fancy recipe with this interactive Make It Fancy episode: https://bzfd.it/2UHAkfz Can Rie make this yellow cake mix fancy?? Subscribe to Tasty: ...,https://i.ytimg.com/vi/7OdzDFEvJfY/default.jpg
2019-06-15T15:00:03Z,I Made A Giant 20-Pound Jiggly Cheesecake • Tasty,IT'S SO JIGGLY! I LOVE IT SO MUCH!” JASMINE PAK - https://www.instagram.com/jasminepak/ Subscribe to Tasty: https://bzfd.it/2ri82Z1 About Tasty: The official ...,https://i.ytimg.com/vi/G3HfLZiuBnk/default.jpg
2019-09-07T15:00:08Z,Can This Chef Make A 3-Course Meal With A Rice Cooker? • Tasty,"""It feels like something is wrong with this machine. It can't be me...I know about machines."" Subscribe to Tasty: https://bzfd.it/2ri82Z1 About Tasty: The official ...",https://i.ytimg.com/vi/n6dj3J1uxW8/default.jpg
2019-09-14T15:00:05Z,Can This Chef Make A 3-Course Meal With An Easy Bake Oven? • Tasty,"As a kid, I dreamt about having an Easy Bake Oven, and now my dream is my nightmare.” Subscribe to Tasty: https://bzfd.it/2ri82Z1 About Tasty: The official ...",https://i.ytimg.com/vi/c324y0OVqVI/default.jpg
2019-01-13T16:00:00Z,A Day In The Life Of A Sushi Master • Tasty,"From breaking down huge fish to serving guests exquisite sushi, Chef Nozomu Abe from Sushi Noz takes us on a journey through his everyday life. Go behind ...",https://i.ytimg.com/vi/3wAQxJeyyXo/default.jpg
2018-06-30T15:00:23Z,I Tried To Re-Create This Flaming Hot Cheeto Burrito,It's the size of a kitten!” Get the recipe! - https://tasty.co/recipe/hot-cheeto-burrito Shop the Tasty kitchenware collection here: http://bit.ly/2IooLS4 Check us out on ...,https://i.ytimg.com/vi/uF7Z_de2ELQ/default.jpg
2016-12-04T00:00:02Z,7 Easy Chicken Dinners,Customize & buy the Tasty Cookbook here: http://bzfd.it/2fpfeu5 Check us out on Facebook! - facebook.com/buzzfeedtasty Visit these links for the recipes: ...,https://i.ytimg.com/vi/dfR_LdA3fPI/default.jpg
2019-10-12T15:00:06Z,I Made Giant 50-Pound Spaghetti And Meatballs For Kalen Allen from Kalen Reacts • Tasty,The meatballs looks like Piranha Plant.” Follow Alvin for more food adventures: https://www.instagram.com/alvinzhoupwns Check out Kalen Allen: ...,https://i.ytimg.com/vi/mY4AmqIRTZI/default.jpg
2018-02-17T20:00:07Z,5 Easy 2-Ingredient Recipes,Reserve the One Top: http://bit.ly/2v0iast Check us out on Facebook! - facebook.com/buzzfeedtasty Credits: https://www.buzzfeed.com/bfmp/videos/47867 ...,https://i.ytimg.com/vi/vrpof_QQUe0/default.jpg
2020-04-25T15:00:23Z,Can This Chef Cook A 3-Course Meal With An Air Fryer? • Tasty,"I feel fine! I mean, how poorly can this go?” Get the airfryer now!",https://i.ytimg.com/vi/TWtJvCKKF_M/default.jpg
2017-12-16T16:00:43Z,The Tastiest Pizza I&#39;ve Ever Eaten,Buy the Tasty Cookbook Today: http://bit.ly/2zVLRyd Check us out on Facebook! - facebook.com/buzzfeedtasty Credits: ...,https://i.ytimg.com/vi/OUQr8lG45AU/default.jpg
2019-12-15T16:00:01Z,Can These Chefs Turn This Sea Monster Drawing Into Sweet Desserts? • Tasty,"Tasty chefs Katie & Betsy face off to turn Henry's Sea Monster sketch into actual, edible desserts. Which dish do you think will float his boat? Shop the NEW Tasty ...",https://i.ytimg.com/vi/6S1PFyG5SDo/default.jpg
2019-05-31T16:00:01Z,Kid MasterChef vs Adult Tasty Chef • Tasty,"Malia, a junior MasterChef contestant, and Katie, a Tasty chef, go head-to-head for the title of the best chef! Who will win this showdown? The exciting two-hour ...",https://i.ytimg.com/vi/aP8v8G1CkCI/default.jpg
2017-08-23T19:00:58Z,Back-To-School Lunch Prep Hacks,Download the new Tasty app: http://tstyapp.com/m/mFqUXJtD3E Reserve the One Top: http://bit.ly/2v0iast Check us out on Facebook!,https://i.ytimg.com/vi/N4jF6nF7N40/default.jpg
2019-12-22T16:00:01Z,Can These Chefs Turn This Snowman Drawing Into Real World Food? • Tasty,"Tasty chefs Alix and Rie square off to transform Malia's Snowman sketch into amazing, edible dishes. Which dish do you think will be left out in the cold?",https://i.ytimg.com/vi/2b6-vsEi58w/default.jpg
2018-08-05T15:00:00Z,Giant Raindrop Cake: Behind Tasty,Get the recipe! - https://tasty.co/recipe/giant-raindrop-cake Follow Alix on instagram for more delicious food adventures @majortraeger Raindrop Cake® is a ...,https://i.ytimg.com/vi/-RFUNt_d_-A/default.jpg
2019-11-16T16:00:01Z,We Tried To Make Sushi For Our Cats • Eating Your Feed • Tasty,Andrew and Niki are challenged to re-create the sushi for cats from Jun's Kitchen: https://www.youtube.com/watch?v=zGcYabz3hYg Shop the NEW Tasty Merch: ...,https://i.ytimg.com/vi/3WRxo-4pLTY/default.jpg
2018-12-01T16:00:00Z,How To Make The Best Sugar Cookies,A guide to making the best sugar cookies: https://www.buzzfeed.com/michelleno/sugar-cookies-icing-baking-tips Check us out on Facebook!,https://i.ytimg.com/vi/EF-9I38ud4s/default.jpg
2019-11-15T20:00:04Z,Can This Chef Make Instant Mashed Potatoes Fancy? • Tasty,Make your OWN fancy recipe with this interactive Make It Fancy episode: https://bzfd.it/2UHAkfz Rie is challenged yet again to take a common food and Make It ...,https://i.ytimg.com/vi/IVJ1kF7JvNQ/default.jpg
2018-01-18T17:00:11Z,Satisfying Salads That Don&#39;t Suck,Buy the Tasty Cookbook Today: http://bit.ly/2zVLRyd Get the recipes: https://tasty.co/compilation/satisfying-salads-that-don-t-suck Check us out on Facebook!,https://i.ytimg.com/vi/nRIfgPDdTSY/default.jpg
2017-10-22T15:00:27Z,How To Make The Ultimate Chocolate Cake,Reserve the One Top: http://bit.ly/2v0iast Get the recipe: THE ULTIMATE CHOCOLATE CAKE Servings: 12 INGREDIENTS CAKE 1½ cups flour 1 cup Dutch ...,https://i.ytimg.com/vi/xwKGZS3EE7Q/default.jpg
2020-05-23T16:00:15Z,How Rie Makes A Strawberry Shortcake • Tasty,How does Rie make a strawberry shortcake? Let's find out! Subscribe to Rie on YouTube: https://www.youtube.com/channel/UCjx1Y3YRVDTv1Q3-KsztDSA ...,https://i.ytimg.com/vi/ZMEmSg5k3VM/default.jpg
2017-12-08T23:00:12Z,5 Mouth-Watering Rib Recipes,Get the recipes: https://tasty.co/compilation/5-mouth-watering-rib-recipes Buy the Tasty Cookbook Today: http://bit.ly/2zVLRyd Here is what you'll need!,https://i.ytimg.com/vi/Ox4fw23gKts/default.jpg
2019-10-26T15:00:03Z,I Made A Giant 20-Pound Grilled Cheese For HellthyJunkFood • Tasty,"""I think this is the biggest cheese pull I've done in my life."" Follow Alvin for more food adventures: https://www.instagram.com/alvinzhoupwns Check out ...",https://i.ytimg.com/vi/bEPdGCOYWeE/default.jpg
2019-02-16T16:00:05Z,We Tried To Re-Create This Black Ice Cream • Eating Your Feed • Tasty,"""Are you a goth? I wish."" Sponsored by Smirnoff. Subscribe to Tasty: https://bzfd.it/2ri82Z1 Check out our new Eating Your Feed merch here: ...",https://i.ytimg.com/vi/vA7w-s4khrY/default.jpg
2017-04-27T16:00:18Z,How To Cook A Cheap Steak Vs. An Expensive Steak,Here is what you'll need! PAN-SEARED FLAP STEAK Servings: 2-4 INGREDIENTS 1 pound flap meat ½ cup low-sodium soy sauce 2 tablespoons ground black ...,https://i.ytimg.com/vi/ir5U88d_3iI/default.jpg
2017-11-20T23:00:46Z,The 5 Best Classic Cookie Recipes,Buy the Tasty Cookbook Today: http://bit.ly/2zVLRyd Get the recipes: http://bzfd.it/2jIIXWJ Check us out on Facebook! - facebook.com/buzzfeedtasty Credits: ...,https://i.ytimg.com/vi/8_zM9IafC7A/default.jpg
2020-04-14T16:00:31Z,How To Make A Sourdough Starter From Scratch •  Tasty,Learn how to make your own sourdough starter from scratch! We're mindful of how the current coronavirus outbreak might be affecting your access to stores and ...,https://i.ytimg.com/vi/kbw7lDO_kuY/default.jpg
2019-12-05T20:00:03Z,I Tried Making A Steak Dinner For Two With Only $14 • Tasty,"""Budget meals for bae!"" Shop the NEW Tasty Merch: https://bzfd.it/shoptastyyoutube Subscribe to Tasty: https://bzfd.it/2ri82Z1 About Tasty: The official YouTube ...",https://i.ytimg.com/vi/cqxCbXIkuMw/default.jpg
2020-04-08T16:00:30Z,We Tried To Make 200 Octopus Balls In 10 Minutes • Tasty,"""That's 1 ball every 3 seconds."" Watch Inga & Alvin go head to head as they attempt to make 200 takoyaki balls under the guidance of a master. Major thanks to ...",https://i.ytimg.com/vi/WhCd74Q82vU/default.jpg
2019-06-08T15:00:10Z,We Made A Giant 25-Pound Ramen Bowl For A Sumo Wrestler • Tasty,It's going to be 20 times the size of a normal bowl of ramen.” RECIPE INSPIRATION FOODBEAST - https://www.foodbeast.com/news/50-pound-ramen-bowl-ice/ ...,https://i.ytimg.com/vi/h0IPcqF2q9U/default.jpg
2018-11-17T16:00:08Z,The Best Homemade Dinner Rolls You’ll Ever Eat,A step by step guide: https://www.buzzfeed.com/jesseszewczyk/how-to-make-dinner-rolls-recipe Check us out on Facebook! - facebook.com/buzzfeedtasty ...,https://i.ytimg.com/vi/jFsjf7LevEU/default.jpg
2019-10-19T15:00:01Z,We Made A Giant 30-Pound S&#39;More For Quinta,I want to squish my face into the marshmallow like a pillow.” Shop the NEW Tasty Merch: https://bzfd.it/shoptastyyoutube Subscribe to Tasty: https://bzfd.it/2ri82Z1 ...,https://i.ytimg.com/vi/0TQEfdweQ14/default.jpg
2017-05-08T22:00:53Z,How To Sharpen Dull Knives,"Here is what you'll need! Check out the Tasty One-Stop Shop for cookbooks, aprons, hats, and more at TastyShop.com: http://bit.ly/2mEBY0e. Check us out on ...",https://i.ytimg.com/vi/Wk3scs5FqCY/default.jpg
2020-04-04T15:00:15Z,Trendy Vs. Traditional: Cheesecake • Tasty,"Trendy Vs. Traditional is back! A super jiggly, fluffy cheesecake versus an extra creamy and decadent cheesecake - who will take the crown? Follow Inga for ...",https://i.ytimg.com/vi/fXkpK1bRWw8/default.jpg
2017-05-02T22:00:17Z,Chicken Wings 7 Ways,Check us out on Facebook! - facebook.com/buzzfeedtasty Credits: https://www.buzzfeed.com/bfmp/videos/15557 MUSIC Spanish Wine Mcm_Reduced Licensed ...,https://i.ytimg.com/vi/D_YGIeVM3FE/default.jpg
2019-12-08T16:00:13Z,Can These Chefs Turn A Kid&#39;s Dragon Drawing Into Delicious Dishes? • Tasty,Tasty chef Merle takes on guest chef Keturah King to turn Makayla's dragon doodle into real-world food. Which dish do you think has the fire? Shop the NEW ...,https://i.ytimg.com/vi/ZhFk6uXwMek/default.jpg
2018-02-14T20:00:29Z,Ultimate Sheet Pan Party Recipes,Reserve the One Top: http://bit.ly/2v0iast Check us out on Facebook! - facebook.com/buzzfeedtasty Credits: https://www.buzzfeed.com/bfmp/videos/47716 ...,https://i.ytimg.com/vi/J2OEtq0ECQU/default.jpg
2020-01-27T17:00:00Z,Single Woman Chooses A Man To Date Based On Their Breakfast Dishes • Tasty,"3 breakfast dishes, 1 date! Who will she choose? Shop the NEW Tasty Merch: https://bzfd.it/shoptastyyoutube Subscribe to Tasty: https://bzfd.it/2ri82Z1 About ...",https://i.ytimg.com/vi/3j_FyDbw-bo/default.jpg
2017-11-21T17:00:12Z,6 Sleepover Party Snack,Buy the Tasty Cookbook Today: http://bit.ly/2zVLRyd Get the recipes: http://bzfd.it/2jLdZ0o Check us out on Facebook! - facebook.com/buzzfeedtasty Credits: ...,https://i.ytimg.com/vi/Xu7SBqblppQ/default.jpg
2017-10-15T15:00:33Z,How To Cook Perfect Rice Every Time,Download the new Tasty app: http://tstyapp.com/m/mFqUXJtD3E Reserve the One Top: http://bit.ly/2v0iast Here is what you'll need! Rice Pilaf Servings: 4 ...,https://i.ytimg.com/vi/Xx7sxWI9FNI/default.jpg
2018-11-14T20:00:02Z,Which Celebrity Has The Best Apple Pie Recipe?,Check us out on Facebook! - facebook.com/buzzfeedtasty Credits: https://www.buzzfeed.com/bfmp/videos/71252 MUSIC SFX Provided By AudioBlocks ...,https://i.ytimg.com/vi/JtyGQwohA80/default.jpg
2019-11-30T16:00:11Z,I Tried To Re-Create This Orange Made Of Meat • Eating Your Feed • Tasty,Shane from BuzzFeed Unsolved challenges Andrew to make meat fruit! Shop the NEW Tasty Merch: https://bzfd.it/shoptastyyoutube Subscribe to Tasty: ...,https://i.ytimg.com/vi/eugVGJkOjsI/default.jpg
2020-02-08T17:00:05Z,Can This American Follow A Recipe In Japanese? • Tasty,Will Alix and Rie's friendship stand the test of cooking in Japanese? Shop the NEW Tasty Merch: https://bzfd.it/shoptastyyoutube Subscribe to Tasty: ...,https://i.ytimg.com/vi/dDmEtDx39UI/default.jpg
2020-04-18T19:00:25Z,Trendy Vs. Traditional: Grilled Cheese • Tasty,A gooey rainbow grilled cheese versus a classic sharp cheddar sourdough grilled cheese - which one will make you melt? Follow Inga for more fun food ...,https://i.ytimg.com/vi/nqD_LANdI0U/default.jpg
2019-09-21T15:00:08Z,Can This Chef Make A 3-Course Meal With A Microwave Again? • Tasty,There is literally no one on the planet that wants to eat this.” Subscribe to Gemma's Bigger Bolder Baking channel: http://bit.ly/GemmasBoldBakers Check out the ...,https://i.ytimg.com/vi/h5LsuS87e2Q/default.jpg
2019-08-17T19:00:01Z,Trendy Vs. Traditional: Ice Cream • Tasty,You scream. I scream. We all scream for an ice cream showdown. Follow Inga and Chris on Instagram for more: https://www.instagram.com/ingatylam/ ...,https://i.ytimg.com/vi/8ys3pKaVlx4/default.jpg
2017-11-09T23:00:02Z,The 5 Best Fried Chicken Recipes,Reserve the One Top: http://bit.ly/2v0iast Get the recipes here: http://bzfd.it/2zoTDzY Check us out on Facebook! - facebook.com/buzzfeedtasty Credits: ...,https://i.ytimg.com/vi/mfIgYdJCwUA/default.jpg
2020-04-25T21:08:56Z,Trendy Vs. Traditional: Pie • Tasty,"It's a pie party in the final episode for this season's Trendy Vs. Traditional! Will the transparent lemon meringue pie or the flaky, buttery apple pie take home the π ...",https://i.ytimg.com/vi/yz5UyX-gqvU/default.jpg
2017-08-22T01:00:39Z,The Tastiest Burger I&#39;ve Ever Eaten,Download the new Tasty app: http://tstyapp.com/m/mFqUXJtD3E Reserve the One Top: http://bit.ly/2v0iast Tasty's personal favorite burgers in Los Angeles.,https://i.ytimg.com/vi/3LELwZrbCxY/default.jpg
2019-06-22T15:00:03Z,I Made Giant Mozzarella Sticks And Onion Rings • Tasty,The biggest cheese pull I've ever done in my life.” RECIPE INSPIRATION HELTHYJUNKFOOD - https://www.youtube.com/watch?v=TGtfMbyUROk EXTERNAL ...,https://i.ytimg.com/vi/PsY8XDHnzCU/default.jpg
2019-03-09T16:00:05Z,We Tried To Re-Create This Flower Pot Cake • Eating Your Feed • Tasty,"""You really gotta parallel park these layers."" We paired the new Pure Leaf Hibiscus Herbal Iced Tea with the chocolate & floral flavor of this unique Flower Pot ...",https://i.ytimg.com/vi/irCGLwg8m9A/default.jpg
2018-06-02T15:00:49Z,I Went To Japan To Make The Most Difficult Omelet,I was hoping there was a secret I was missing for why I was doing it so badly.” Watch Andrew's first attempt to make the omelet here: ...,https://i.ytimg.com/vi/rFAddL8g8mw/default.jpg
2018-02-23T02:00:27Z,Magically Delicious Unicorn Desserts,Get the recipes: https://tasty.co/compilation/magically-delicious-unicorn-desserts Reserve the One Top: http://bit.ly/2v0iast Check us out on Facebook!,https://i.ytimg.com/vi/XHwosEAcuos/default.jpg
2017-10-01T15:00:48Z,How To Cook Perfect Eggs Every Time,Download the new Tasty app: http://tstyapp.com/m/mFqUXJtD3E Reserve the One Top: http://bit.ly/2v0iast Check us out on Facebook!,https://i.ytimg.com/vi/X5oD_thIk3c/default.jpg
2018-06-03T01:00:41Z,Three-Ingredient Desserts To Make With Your BFF,Get the recipe! - https://tasty.co/compilation/three-ingredient-desserts Shop the Tasty kitchenware collection here: http://bit.ly/2IooLS4 Check us out on Facebook!,https://i.ytimg.com/vi/YuId0VAbcb0/default.jpg
2020-04-04T19:00:25Z,Can Alix Follow A Recipe In Japanese? • Tasty,Alix is back for another recipe challenge by Rie! Can she make donuts in Japanese? We're mindful of how the current coronavirus outbreak might be affecting ...,https://i.ytimg.com/vi/tX4i-sIncAM/default.jpg
2019-08-04T19:00:02Z,Trendy Vs. Traditional: Chocolate Chip Cookies • Tasty,Cookie Shot Vs. traditional chocolate chip. Which cookie will reign supreme? Subscribe to Tasty: https://bzfd.it/2ri82Z1 About Tasty: The official YouTube channel ...,https://i.ytimg.com/vi/bkXWYnQ8ITo/default.jpg
2017-12-09T17:00:50Z,The Tastiest Fried Chicken I&#39;ve Ever Eaten,Buy the Tasty Cookbook Today: http://bit.ly/2zVLRyd Check us out on Facebook! - facebook.com/buzzfeedtasty Credits: ...,https://i.ytimg.com/vi/cPYXqBaqUgU/default.jpg
2018-09-06T19:00:02Z,How I Make My Favorite Japanese Recipes,Follow Rie on Instagram! - @thedessertsnob Shop the Tasty kitchenware collection here: http://bit.ly/2IooLS4 Check us out on Facebook!,https://i.ytimg.com/vi/T6GmeOnoZec/default.jpg
2018-01-15T20:00:38Z,Healthy Versions of Unhealthy Snacks,Buy the Tasty Cookbook Today: http://bit.ly/2zVLRyd Get the recipe: https://tasty.co/compilation/healthy-versions-of-unhealthy-snacks Check us out on Facebook!,https://i.ytimg.com/vi/Z2U_cM0_7cA/default.jpg
2020-02-10T17:00:08Z,How to Make A Potato Salad Worthy Of The Cookout • Tasty,Got invited to The Cookout? Let us show you how to make a potato salad worthy of the occassion on this episode of The Cookout. Let us know in the comments ...,https://i.ytimg.com/vi/HkHY5e3RWCc/default.jpg
2018-03-14T22:00:02Z,How To Make Geometric Pies by lokokitchen,Shop the Tasty kitchenware collection here: http://bit.ly/2IooLS4 Follow lokokitchen on instagram: https://www.instagram.com/lokokitchen/ Here is what you'll ...,https://i.ytimg.com/vi/LN-m0Ci8MZ8/default.jpg
2019-07-27T19:00:05Z,Trendy Vs. Traditional: Burgers • Tasty,"How do you prefer your burger? Subscribe to Tasty: https://bzfd.it/2ri82Z1 About Tasty: The official YouTube channel of all things Tasty, the world's largest food ...",https://i.ytimg.com/vi/cFRtiEvwBYk/default.jpg
2018-05-16T19:00:50Z,The Art Of Making Noodles By Hand,Subscribe to the new Goodful channel: https://bit.ly/2IOhgqk Shop the Tasty kitchenware collection here: http://bit.ly/2IooLS4 Check us out on Facebook!,https://i.ytimg.com/vi/f2kesmAO8VU/default.jpg
2018-01-11T23:00:06Z,4 Meals Anyone Can Make,Get the recipes: https://tasty.co/compilation/4-meals-anyone-can-make Buy the Tasty Cookbook Today: http://bit.ly/2zVLRyd Check us out on Facebook!,https://i.ytimg.com/vi/URdX9rFIbcc/default.jpg
2018-10-31T22:00:01Z,4 Easy Meals To Start Cooking,Get the recipe: https://tasty.co/compilation/4-meals-anyone-can-make-part-2 Check us out on Facebook! - facebook.com/buzzfeedtasty Credits: ...,https://i.ytimg.com/vi/WEDndTCyGgU/default.jpg
2018-04-01T22:00:15Z,6 Mouth-Watering Burger Recipes,Get the recipes: https://tasty.co/compilation/6-mouth-watering-burger-recipes Shop the Tasty kitchenware collection here: http://bit.ly/2IooLS4 Check us out on ...,https://i.ytimg.com/vi/oqeW9YMHweo/default.jpg
2017-09-22T22:00:56Z,7 Dorm-Friendly Microwave Meals + Microwave Cleaning Hack,"Download the new Tasty app: http://tstyapp.com/m/mFqUXJtD3E Reserve the One Top: http://bit.ly/2v0iast 7 dorm-friendly, microwave meals, plus a microwave ...",https://i.ytimg.com/vi/alEyXJkinpw/default.jpg
2020-03-07T16:00:06Z,Tasty Producers Swap Their Favorite Snacks • Rie &amp; Andrew • Tasty,"Andrew and Rie are swapping their favorite snacks, who's do you prefer? Shop the NEW Tasty Merch: https://bzfd.it/shoptastyyoutube Subscribe to Tasty: ...",https://i.ytimg.com/vi/OoH1oGAJ7jI/default.jpg
2020-02-03T17:00:11Z,I Tried To Host A Brunch For 6 People With Only $20 • Tasty,Can David host a brunch for 6 people with only $20? Will it still be tasty? Shop the NEW Tasty Merch: https://bzfd.it/shoptastyyoutube Subscribe to Tasty: ...,https://i.ytimg.com/vi/oOeUF6KW3z0/default.jpg
2019-06-21T16:00:11Z,The Easiest Way To Make Great BBQ Ribs • Tasty,"Nothing says summer quite like a rack of BBQ ribs! Subscribe to Tasty: https://bzfd.it/2ri82Z1 About Tasty: The official YouTube channel of all things Tasty, the ...",https://i.ytimg.com/vi/vFLEDmNGRIw/default.jpg
2019-03-17T15:00:04Z,5-Minute Vs. 50-Minute Vs. 5-Hour Steak • Tasty,"""Man, this is the best day ever."" 3 steak dishes, 3 time scenarios, and a whole lot of deliciousness. If you want more of Tasty, check out our merch here: ...",https://i.ytimg.com/vi/hQT7PN4Tzsg/default.jpg
2020-03-25T17:30:06Z,Rie Tries to Recreate The Pudding Recipe From Cooking Mama • Tasty,Follow GameTim on YouTube: https://www.youtube.com/channel/UCN7nX7a6wd_lrU2kidFoqog Shop the NEW Tasty Merch: https://bzfd.it/shoptastyyoutube ...,https://i.ytimg.com/vi/ZLfeI_hnRM0/default.jpg
2018-03-07T23:00:20Z,7 Recipes You Can Make In 5 Minutes,Get the recipes: https://tasty.co/compilation/7-recipes-you-can-make-in-5-minutes Reserve the One Top: http://bit.ly/2v0iast Check us out on Facebook!,https://i.ytimg.com/vi/9_5wHw6l11o/default.jpg
2019-02-27T20:00:00Z,How to Make Traditional Ethiopian Food With Marcus Samuelsson • Tasty,"Marcus Samuelsson teaches us how to make Tibs, a traditional Ethiopian dish. Follow Marcus on Instagram: www.instagram.com/marcuscooks Subscribe to ...",https://i.ytimg.com/vi/a0Z1vpJNrtE/default.jpg
2019-12-06T23:00:11Z,Alexis Reacts To Her 5 Biggest Cooking Fails • Tasty,"After the garlic catching on fire, I didn't even know how I was going to redeem myself. Shop the NEW Tasty Merch: https://bzfd.it/shoptastyyoutube Subscribe to ...",https://i.ytimg.com/vi/lZ09CqcOg1A/default.jpg
2017-10-28T16:00:07Z,4 Romantic Dinners For Date Night,Reserve the One Top: http://bit.ly/2v0iast Get the recipes: http://bzfd.it/2gI2cuI Check us out on Facebook! - facebook.com/buzzfeedtasty Credits: ...,https://i.ytimg.com/vi/gbnoFH9Xync/default.jpg
2019-10-05T15:00:00Z,I Made A Giant 40-Pound Sushi Boat For A Mukbang Artist • Tasty,There's like 30 pounds of rice in here!” Follow Alvin for more food adventures: https://www.instagram.com/alvinzhoupwns Subscribe to HyuneeEats: ...,https://i.ytimg.com/vi/1R5uPaL0V-0/default.jpg
2019-07-23T16:00:01Z,7 Healthy And Low Carb Recipes • Tasty,"Check out these healthy and low carb recipes! Subscribe to Tasty: https://bzfd.it/2ri82Z1 About Tasty: The official YouTube channel of all things Tasty, the world's ...",https://i.ytimg.com/vi/GDS1OVF46UY/default.jpg
2017-08-23T16:00:14Z,Rainbow Crepe Cake: Behind Tasty,"Here is what you'll need! RAINBOW CREPE CAKE Servings: 10-12 INGREDIENTS 6 tablespoons butter, melted 3 cups milk 6 eggs 2¼ cups flour 7 tablespoons ...",https://i.ytimg.com/vi/sQXSS3R7tZA/default.jpg
2019-12-07T20:00:00Z,What It Takes to Make 400 Bowls of Ramen From Scratch • Tasty,"Making 400 bowls of ramen from scratch is not an easy task. But for Keizo Shimamoto, ramen is his life. Watch as he artfully prepares noodles, broth, toppings, ...",https://i.ytimg.com/vi/aagyuWlHyUI/default.jpg
2019-07-20T15:00:02Z,Homemade Vs. 7-Eleven: Japanese Egg Salad Sandwich • Tasty,Check out our Homemade Vs. 7-Eleven Japanese Egg Salad Sandwich Here's the recipe for our homemade Japanese Egg Salad Sandwich: Egg Salad ...,https://i.ytimg.com/vi/WmrwQMFZLqI/default.jpg
2019-10-13T19:00:05Z,Which Celebrity Makes The Best Fried Chicken?,We searched for the absolute BEST celebrity fried chicken recipe! Shop the NEW Tasty Merch: https://bzfd.it/shoptastyyoutube Subscribe to Tasty: ...,https://i.ytimg.com/vi/lvvwcS-0R-g/default.jpg
2019-11-06T17:00:00Z,Can This Chef Follow A Pupusas Recipe In A Different Language? • Tasty,"Rie's back in the kitchen with another food challenge! This time she's cooking up some tasty pupusas, but can she do it while following the recipe in a different ...",https://i.ytimg.com/vi/5n0WMyXplWE/default.jpg
2019-11-09T16:00:03Z,I Made A Giant 50-Pound Pizza For Two Little Kids • Tasty,"""This is the world's largest deliverable pizza. It's pretty heavy."" Follow Alvin for more food adventures: https://www.instagram.com/alvinzhoupwns Check out ...",https://i.ytimg.com/vi/Lk9ZihSgjdo/default.jpg
2018-01-10T23:00:38Z,5 Foods For a Healthy Life,Buy the Tasty Cookbook Today: http://bit.ly/2zVLRyd Get the recipes: https://tasty.co/compilation/5-foods-for-a-healthy-life Check us out on Facebook!,https://i.ytimg.com/vi/j1NCRsH6174/default.jpg
2019-11-24T16:00:05Z,Can These Chefs Turn A Leprechaun Drawing Into A Real Dish? • Tasty,Tasty chef Katie faces off against guest chef Claudette Zepeda-Wilkins (Top Chef) to turn Gianna's leprechaun doodles into real-world dishes. Who do you think ...,https://i.ytimg.com/vi/Yj4JeIxARdo/default.jpg
2018-12-16T16:00:01Z,The Tastiest Burger I&#39;ve Ever Made,Follow Alexis on Instagram: https://www.instagram.com/alexisdeboschnek/ Check us out on Facebook! - facebook.com/buzzfeedtasty Credits: ...,https://i.ytimg.com/vi/KmySL0fTXWU/default.jpg
2020-04-11T15:00:07Z,Trendy Vs. Traditional: Pizza • Tasty,"A classic slice of pizza or a convenient, no-mess pizza cone - who will take a pizza your heart? Follow Inga for more fun food experiences: ...",https://i.ytimg.com/vi/GAk-z6gB_wI/default.jpg
2019-11-01T15:00:04Z,I Tried To Make 500-Year-Old Stretchy Ice Cream • Tasty,"Ice cream has been around longer than you may think! On this episode of Edible History, Hannah Hart attempts to make a 500-year-old stretchy ice cream called ...",https://i.ytimg.com/vi/6YiEY7eWvD8/default.jpg
2018-12-29T16:00:00Z,The Most Fool-Proof Roast Chicken You&#39;ll Ever Make • Tasty,"You didn't know a roast chicken could be this good. Subscribe to Tasty: https://bzfd.it/2ri82Z1 About Tasty: The official YouTube channel of all things Tasty, the ...",https://i.ytimg.com/vi/DcIS0onSv7U/default.jpg
2019-01-16T20:00:02Z,How I Make Some Of My Most Viral Tasty Recipes • Tasty,"Learn how Alvin makes his viral Tasty recipes! Subscribe to Tasty: https://bzfd.it/2ri82Z1 About Tasty: The official YouTube channel of all things Tasty, the world's ...",https://i.ytimg.com/vi/O-yiVtGrRwY/default.jpg
2018-08-15T22:00:42Z,Top 5 Tasty Breakfast Recipes,Get the recipes! - https://tasty.co/recipe/super-fluffy-omelet - https://tasty.co/recipe/fluffy-perfect-pancakes - https://tasty.co/recipe/breakfast-bombs ...,https://i.ytimg.com/vi/UJfqp1dmJ3I/default.jpg
2019-08-16T16:00:12Z,Nick Jonas&#39;s Personal Chef Cooked All My Meals For A Week • Tasty,"""I feel like I'm eating dinner with 2 Chainz."" Subscribe to Tasty: https://bzfd.it/2ri82Z1 About Tasty: The official YouTube channel of all things Tasty, the world's ...",https://i.ytimg.com/vi/yZ4WM2nBIIE/default.jpg
2019-12-07T16:00:11Z,We Tried To Re-Create This Giant 30-Pound Burger • Eating Your Feed • Tasty,Rie's crying because she can't believe how good it is!” Shop the NEW Tasty Merch: https://bzfd.it/shoptastyyoutube Subscribe to Tasty: https://bzfd.it/2ri82Z1 ...,https://i.ytimg.com/vi/u5mFtwfgidk/default.jpg
2020-02-12T18:10:01Z,Can Chefs Make This Mushroom-Hater Change Her Mind? • Tasty,Can these professional chefs turn a mushroom hater into a mushroom lover? Watch Ellen Bennett and Sabel Braganza throw down in the kitchen and find out!,https://i.ytimg.com/vi/6aFl5xfOoTw/default.jpg
2019-06-02T15:00:03Z,Can These Chefs Turn This Alien Drawing Into Real Food? • Tasty,"Tasty Chefs Hannah and Katie compete to turn Zachlewis' alien drawing into delicious, real-world dishes. Which one will be truly out of this world? Subscribe to ...",https://i.ytimg.com/vi/N9zS9kDzz_g/default.jpg
2019-11-23T16:00:08Z,I Tried To Re-Create This Watermelon Ham • Eating Your Feed • Tasty,It can't be done!” Shop the NEW Tasty Merch: https://bzfd.it/shoptastyyoutube Subscribe to Tasty: https://bzfd.it/2ri82Z1 Follow Rie: ...,https://i.ytimg.com/vi/pOhQn-lkQIU/default.jpg
2019-11-22T20:00:00Z,Can This Chef Make Canned Tuna Fancy? • Tasty,Make your OWN fancy recipe with this interactive Make It Fancy episode: https://bzfd.it/2UHAkfz Rie is challenged to upgrade canned tuna into something fancy!,https://i.ytimg.com/vi/3Fw9iIYBROM/default.jpg
2017-12-10T02:00:04Z,Fast Food Recipes You Can Make At Home,Get the recipes: https://tasty.co/recipe/homemade-big-massive-burger https://tasty.co/recipe/11-herbs-and-spices-fried-chicken ...,https://i.ytimg.com/vi/V6Vd1E9OL-U/default.jpg
2019-06-29T14:58:48Z,I Made A Giant 100-Egg Omelet • Tasty,"Shoutout to all the hens out there, you guys are the real ones.” RIE MCCLENNY - https://www.instagram.com/thedessertsnob/ Subscribe to Tasty: ...",https://i.ytimg.com/vi/syH0oN_B4g0/default.jpg
2018-11-03T15:00:05Z,How To Make The Perfect Pie,Make the best crust of your life thanks to one secret ingredient. Get step by step directions here: https://bzfd.it/2Ojqnhr Check us out on Facebook!,https://i.ytimg.com/vi/SR4R7GHxU1w/default.jpg
2017-11-04T16:00:38Z,"16 Pancakes, Waffles, Crepes, &amp; French Toasts",Reserve the One Top: http://bit.ly/2v0iast Get the recipes: http://bzfd.it/2lL8DTs Check us out on Facebook! - facebook.com/buzzfeedtasty Credits: ...,https://i.ytimg.com/vi/YmAWIEEzHn0/default.jpg
2020-06-11T20:00:01Z,I Made Grilled Cheese Sandwiches Using 11 Hacks In A Row • Tasty,"""It looks...really greasy?"" Follow Alvin on Instagram: http://instagram.com/alvinzhoupwns/ To check out classic Tasty recipes on our NEW @Tasty Recipes ...",https://i.ytimg.com/vi/0AbOS_v6_T4/default.jpg
2019-12-19T17:00:28Z,I Tried To Host A Cocktail Party For 15 People For $40 • Tasty,Would you be able to host a cocktail party for 15 people with only $40? Shop the NEW Tasty Merch: https://bzfd.it/shoptastyyoutube Subscribe to Tasty: ...,https://i.ytimg.com/vi/wlvRE1Tb2BA/default.jpg
2019-02-28T02:00:05Z,Fried Street Food In Kenya • Tasty,"Kiano shows us how she makes her favorite fried Kenyan street foods! If you want more of Tasty, check out our merch here: https://amzn.to/2GJ2xvv Subscribe to ...",https://i.ytimg.com/vi/qJZpZex25qM/default.jpg
2019-12-01T16:00:07Z,Can These Chefs Turn This Elf Drawing Into Real Meals? • Tasty,Tasty chef Alvin challenges guest chef Ellen Bennett to turn Merilee's elf drawing into delicious real-world dishes. Whose present do you think she'll prefer?,https://i.ytimg.com/vi/qw9Y-kvoXoM/default.jpg
2018-12-30T20:00:04Z,The Only Keto Diet Video You Need To Watch • Tasty,"Subscribe to Tasty: https://bzfd.it/2ri82Z1 About Tasty: The official YouTube channel of all things Tasty, the world's largest food network. From recipes ...",https://i.ytimg.com/vi/u-OFVFzXa-k/default.jpg
2017-10-25T16:00:23Z,10 Creamy &amp; Satisfying Pasta Dishes,Reserve the One Top: http://bit.ly/2v0iast Get all the recipes: http://bzfd.it/2zBQOrS Check us out on Facebook! - facebook.com/buzzfeedtasty Credits: ...,https://i.ytimg.com/vi/v41-SNTCCOw/default.jpg
2018-11-22T02:00:02Z,Which Celebrity Has The Best Turkey Recipe?,I Tried Four Famous Turkey Recipes And Found The Very Best One: https://www.buzzfeed.com/jesseszewczyk/the-best-turkey-recipe Check us out on Facebook ...,https://i.ytimg.com/vi/xu7LccHzDZw/default.jpg
2019-02-16T20:00:01Z,Which Celebrity Has The Best Nacho Recipe? • Tasty,We taste test celebrity nacho recipes to find the best one. Who will be crowned the winner? Subscribe to Tasty: https://bzfd.it/2ri82Z1 About Tasty: The official ...,https://i.ytimg.com/vi/5SHQfOdpIhg/default.jpg
2018-05-23T01:00:13Z,Snacks For Your Kids&#39; Next Playdate,Get the recipe: https://tasty.co/compilation/snacks-for-your-kids-next-playdate Shop the Tasty kitchenware collection here: http://bit.ly/2IooLS4 Check us out on ...,https://i.ytimg.com/vi/3ydymI8mRmE/default.jpg
2020-06-10T19:30:03Z,I Tried Different Brownie Box Hacks • Tasty,Katie tries different brownie box hacks! Let's see how it goes. To check out classic Tasty recipes on our NEW @Tasty Recipes YouTube page ...,https://i.ytimg.com/vi/tcNrpY65ppE/default.jpg
2019-08-23T16:00:16Z,Can This Chef Make A Three-Course Meal For Two People With $15? • Tasty,"Can $15 stretch into a 3-course meal for 2? Subscribe to Tasty: https://bzfd.it/2ri82Z1 About Tasty: The official YouTube channel of all things Tasty, the world's ...",https://i.ytimg.com/vi/_NMuqy6PdVs/default.jpg
2017-08-08T22:00:03Z,Top Ten Tasty Recipes Of All Time,Download the new Tasty app: http://tstyapp.com/m/mFqUXJtD3E Reserve the One Top: http://bit.ly/2v0iast Click here for the full recipes: http://bzfd.it/2hHLhMs ...,https://i.ytimg.com/vi/6Ire17yjpQ8/default.jpg
2019-08-01T19:00:00Z,5 Marshmallow Recipes That Will Melt In Your Mouth • Tasty,"Check out these 5 Marshmallow Recipes! Subscribe to Tasty: https://bzfd.it/2ri82Z1 About Tasty: The official YouTube channel of all things Tasty, the world's ...",https://i.ytimg.com/vi/8RZ-UUT_ubE/default.jpg
2019-07-28T15:00:06Z,Can This Professional Chef Survive As A Baker For A Day? • Tasty,Will she do a good enough job to get hired? Or will she be fired? For more information on Bread Lounge: https://breadlounge.com/ For more information on El ...,https://i.ytimg.com/vi/YXSUBhsgtcY/default.jpg
2019-05-30T16:00:09Z,Alix &amp; Rie&#39;s Best Cookie Recipes • Tasty,"Which one is your favorite? If you want more of Tasty, check out our merch here: https://amzn.to/2GJ2xvv Subscribe to Tasty: https://bzfd.it/2ri82Z1 About Tasty: ...",https://i.ytimg.com/vi/zl5OWOtJOlk/default.jpg
2019-07-25T22:00:06Z,5 Delectable Finger Food Recipes • Tasty,"Try out these 5 finger food recipes! Subscribe to Tasty: https://bzfd.it/2ri82Z1 About Tasty: The official YouTube channel of all things Tasty, the world's largest food ...",https://i.ytimg.com/vi/P-trSZfdPUw/default.jpg
2020-04-23T16:00:19Z,Ultimate Pantry Cookies At Home With Alix • Tasty,Learn how to make your own unique pantry cookies with Alix! What ingredients are in your pantry? Follow Alix on Instagram: ...,https://i.ytimg.com/vi/HFuE0rqBO1w/default.jpg
2019-01-09T18:00:01Z,The Only Meal Prep Guide You Need To Follow • Tasty,"Use this guide for all of your meal prep needs! Subscribe to Tasty: https://bzfd.it/2ri82Z1 About Tasty: The official YouTube channel of all things Tasty, the world's ...",https://i.ytimg.com/vi/17Bagme20IM/default.jpg
2018-03-25T22:00:45Z,6 Crispy Snacks To Make For Friends,Get the recipes: https://tasty.co/compilation/6-crispy-snacks-to-make-for-friends Shop the Tasty kitchenware collection here: http://bit.ly/2IooLS4 Check us out on ...,https://i.ytimg.com/vi/BSZV341M1E4/default.jpg
2020-03-21T15:00:33Z,I Baked Chocolate Chip Cookies Using 20 Hacks In A Row • Tasty,"""It's like a slime tutorial..."" Tasty Update: We're mindful of how the current coronavirus outbreak might be affecting your access to stores and general grocery ...",https://i.ytimg.com/vi/zYZ2iUHoeHk/default.jpg
2020-04-13T16:00:16Z,Ultimate Mac &#39;N&#39; Cheese At Home With Alix • Tasty,Alix shares a comforting Mac 'N' Cheese recipe from her home kitchen! Recipe: https://alixtraeger.com/myrecipes/ultimate-mac-and-cheese Follow Alix on ...,https://i.ytimg.com/vi/XhrHi6Oryh0/default.jpg
2019-02-19T20:00:07Z,Easy And Impressive Chicken Dinners Anyone Can Make • Tasty,"Need to brush up your cooking skills? We're here to help! Anyone can make these easy and impressive chicken dinners. If you want more of Tasty, check out our ...",https://i.ytimg.com/vi/mvSNjWDQCAE/default.jpg
2018-11-29T23:00:06Z,6 Easy Snacks You&#39;ll Want To Make Again And Again,Check us out on Facebook! - facebook.com/buzzfeedtasty Credits: https://www.buzzfeed.com/bfmp/videos/71857.,https://i.ytimg.com/vi/ZusYJm5xHkg/default.jpg
2020-05-28T19:30:03Z,I Tried To Make Mini Donut Cereal • Tasty,Katie tries to make mini donut cereal! Let's see how it goes. To check out classic Tasty recipes on our NEW @Tasty Recipes YouTube page ...,https://i.ytimg.com/vi/uAALnrhAXF0/default.jpg
2019-04-28T16:00:00Z,Homemade Vs. Fast Food: Krispy Kreme Doughnuts • Tasty,"""She's a beauty."" If you want more of Tasty, check out our merch here: https://amzn.to/2GJ2xvv Subscribe to Tasty: https://bzfd.it/2ri82Z1 About Tasty: The official ...",https://i.ytimg.com/vi/CCNLJmFDWwU/default.jpg
2020-05-03T15:00:09Z,Can My American Friend Follow This Recipe In Japanese?,Can Andrew cook up Rie's recipe in Japanese? To check out classic Tasty recipes on our NEW @Tasty Recipes YouTube page https://bzfd.it/2VU9Zvb ...,https://i.ytimg.com/vi/MZ5GiebuGf4/default.jpg
2020-03-15T15:00:07Z,Tasty Producers Swap Their Favorite Snacks • Alvin &amp; Chris • Tasty,We're mindful of how the current coronavirus outbreak might be affecting your access to stores and general grocery items. Please know that many of these ...,https://i.ytimg.com/vi/SkQp8gkz-ic/default.jpg
2019-12-22T20:00:02Z,We Made Hong Kong&#39;s Famous Egg Bubble Waffle • Tasty,"Inga and Alvin set off to explore their favorite street foods, one of which is the famous Hong Kong egg bubble waffle. Join them on their journey to discover how ...",https://i.ytimg.com/vi/JBCIB-rlNyQ/default.jpg
2019-08-09T16:00:04Z,1 Minute Vs. 1 Hour Vs. 1 Day Noodles • Tasty,"""Noodles are great no matter what time it is."" Special thanks to: Eric Sze: http://www.instagram.com/esze.e 886 Restaurant: ...",https://i.ytimg.com/vi/NM4ArR-qbHQ/default.jpg
2019-10-29T16:00:00Z,5 Min vs. 50 Min vs. 5 Hour Pasta (ft. Binging With Babish) • Tasty,"Andrew Rea, the creator of Binging With Babish, demonstrates 3 wonderful pasta recipes for 3 different occasions. Check out the Binging With Babish Cookbook ...",https://i.ytimg.com/vi/6vebbDZxoKE/default.jpg
2020-04-29T18:00:29Z,Customizable Homemade Granola With Alix • Tasty,Alix shares a delicious homemade granola recipe from her home kitchen! Follow Alix on YouTube: https://www.youtube.com/channel/UCfWT... Follow Alix on ...,https://i.ytimg.com/vi/vPBpR9ZfCW0/default.jpg
2019-11-02T15:00:06Z,We Made A 100-Layer Dip • Tasty,"""Every single layer has to be different, that's the rules."" Follow Alvin for more food adventures: https://www.instagram.com/alvinzhoupwns Check out Kelsey here!",https://i.ytimg.com/vi/SzQmpY0KIAc/default.jpg
2018-04-15T15:00:59Z,Five Beautiful Ways To Decorate Cake,Get the tips here: https://www.buzzfeed.com/marietelling/cake-decorating-tips?utm_term=.yi0Ogq1oJ#.dfe0npZEj Shop the Tasty kitchenware collection here: ...,https://i.ytimg.com/vi/6RSKUxhDHqQ/default.jpg
2018-12-27T02:00:06Z,The Best Tasty Desserts of the Year • Tasty,"Subscribe to Tasty: https://bzfd.it/2ri82Z1 About Tasty: The official YouTube channel of all things Tasty, the world's largest food network. From recipes ...",https://i.ytimg.com/vi/wamuy8SlxyE/default.jpg
2019-08-11T15:00:03Z,We Test Popular Breakfast Gadgets • Tasty,"Are these popular breakfast gadgets worth it? Subscribe to Tasty: https://bzfd.it/2ri82Z1 About Tasty: The official YouTube channel of all things Tasty, the world's ...",https://i.ytimg.com/vi/DlJBxgFqL_E/default.jpg
2020-02-07T17:00:00Z,Alvin Tries To Recreate The Mario Party Pizza Video Game In Real Life • Tasty,Can Alvin bring the Mario Party pizza to life? Looking for more video game food being turned into real life food? Inga's recreating the decorative curry from ...,https://i.ytimg.com/vi/-iCLYpeghJs/default.jpg
2020-05-10T15:00:31Z,I Tried To Make The Disney Churro • Tasty,Katie tests out Disney's churro recipe at home! Will it taste just as delicious? Churro Picture taken by https://www.instagram.com/casstakesdisney We're mindful ...,https://i.ytimg.com/vi/bUQUn7E4V7E/default.jpg
2019-07-06T15:00:09Z,2-Minute Vs. 2-Hour Vs. 2-Day Cookie • Tasty,"""The two-day cookie is my favorite cookie in the world."" Subscribe to Tasty: https://bzfd.it/2ri82Z1 About Tasty: The official YouTube channel of all things Tasty, ...",https://i.ytimg.com/vi/h4CyhQqAPpk/default.jpg
2019-10-27T16:00:08Z,3-Minute Vs. 30-Minute Vs. 3-Hour Mac N&#39; Cheese • Tasty,Alexis prepares 3 recipes for Mac N' Cheese at 3 different time commitments. Check the pinned comment below to find all the recipes! Shop the NEW Tasty ...,https://i.ytimg.com/vi/wHy-bc39dHQ/default.jpg
2020-04-21T16:00:25Z,How To Make Sourdough For Beginners • Tasty,"New to bread making or still need a little help? Here's an easy, beginner rundown on how to make the perfect sourdough bread! We're mindful of how the current ...",https://i.ytimg.com/vi/rkoLmraD79A/default.jpg
2020-05-29T19:00:08Z,How To Cook If You&#39;re Single • Tasty,"Alix shares tips, tricks, and recipes for cooking if you're single! Follow Alix on Instagram: https://www.instagram.com/majortraeger/ Subscribe to Alix on YouTube: ...",https://i.ytimg.com/vi/K6tcjjSo9_g/default.jpg
2018-11-05T18:08:30Z,5 Creative Ways To Make Eggs,Check us out on Facebook! - facebook.com/buzzfeedtasty Credits: https://www.buzzfeed.com/bfmp/videos/69582 MUSIC Licensed via Audio Network.,https://i.ytimg.com/vi/glncvhNXkH4/default.jpg
2019-03-14T16:00:04Z,Which Celebrity Has The Best Wings Recipe? • Tasty,"It's another celebrity showdown. This time, we're finding out who has the best wings recipe. If you want more of Tasty, check out our merch here: ...",https://i.ytimg.com/vi/tqOKdThEJq4/default.jpg
2019-07-03T22:00:01Z,Chocolate Chip Cookie Recipes You Need To Bake Now • Tasty,"Ooey gooey chocolate chip deliciousness! If you want more of Tasty, check out our merch here: https://amzn.to/2GJ2xvv Subscribe to Tasty: https://bzfd.it/2ri82Z1 ...",https://i.ytimg.com/vi/TzMoj2JeANQ/default.jpg
2020-04-16T16:00:24Z,I Made 3 Meals With 1 Can Of Spam • Tasty,Never tried Spam before? Here are three easy recipes to get you started! We're mindful of how the current coronavirus outbreak might be affecting your access ...,https://i.ytimg.com/vi/nzf2FCMHBJ8/default.jpg
2019-08-06T22:00:05Z,5 Cakes Almost Too Pretty To Eat • Tasty,"These cakes are almost too pretty to eat.... almost Subscribe to Tasty: https://bzfd.it/2ri82Z1 About Tasty: The official YouTube channel of all things Tasty, the ...",https://i.ytimg.com/vi/O8mwwXdcdGU/default.jpg
2018-11-19T17:00:06Z,Mouthwatering Recipes For Junk Food Lovers,Get the recipes: https://tasty.co/compilation/junk-food-lovers Check us out on Facebook! - facebook.com/buzzfeedtasty Credits: ...,https://i.ytimg.com/vi/R5c4anO0m-k/default.jpg
2020-03-26T16:15:25Z,I Tried To Make A Three Course Meal With Pantry Staples • Tasty,Katie takes us into her home and shows us how to make a three course meal out of pantry staples! We're mindful of how the current coronavirus outbreak might ...,https://i.ytimg.com/vi/A6wBy3UoXl8/default.jpg
2019-09-04T16:00:13Z,We Played A &quot;Mario Party&quot; Cooking Minigame In Real Life • Tasty,"""I'm ready but I'm gonna step outside...."" Subscribe to Tasty: https://bzfd.it/2ri82Z1 About Tasty: The official YouTube channel of all things Tasty, the world's ...",https://i.ytimg.com/vi/slOJZ15cTN4/default.jpg
2020-02-04T20:00:08Z,14 Fun And Easy Late Night Treats • Tasty,Easy late night treats to satisfy those midnight cravings! Shop the NEW Tasty Merch: https://bzfd.it/shoptastyyoutube Subscribe to Tasty: https://bzfd.it/2ri82Z1 ...,https://i.ytimg.com/vi/yEnhc1OGdM4/default.jpg
2020-04-30T19:00:01Z,I Recreated My Starbucks Order: Salted Cream Cold Foam Cold Brew And Lemon Loaf • Tasty,Missing your daily Starbucks treats? Learn how to make Katie's favorites at home! To check out classic Tasty recipes on our NEW @Tasty Recipes YouTube ...,https://i.ytimg.com/vi/826q8ySWZus/default.jpg
2019-08-30T17:30:00Z,3-Minute Vs. 30-Minute Vs. 3-Hour Burger • Tasty,This isn't a burger; this is like a steak. This is like filet mignon on a bun. Subscribe to Tasty: https://bzfd.it/2ri82Z1 About Tasty: The official YouTube channel of all ...,https://i.ytimg.com/vi/AJAkMojjOWg/default.jpg
2017-11-29T20:00:10Z,9 Easy 3-Ingredient Desserts,Shop now: https://tastyshop.com/ Here is what you'll need! https://tasty.co/recipe/triple-decker-box-brownies-easy-dessert ...,https://i.ytimg.com/vi/03_EDK9Sn_E/default.jpg
2020-04-24T16:00:14Z,I Made Brunch Using Only Random Pantry Items • Tasty,Matt makes brunch for his roommates using only what he can find in his pantry! We're mindful of how the current coronavirus outbreak might be affecting your ...,https://i.ytimg.com/vi/MMJCjqI1xIU/default.jpg
2018-01-28T23:00:53Z,5 Delicious Pork Recipes,Buy the Tasty Cookbook Today: http://bit.ly/2zVLRyd Here is what you'll need! https://tasty.co/recipe/slow-cooker-carnitas ...,https://i.ytimg.com/vi/dOy9mohYW80/default.jpg
2019-03-24T16:00:03Z,4 Mesmerizing Dessert Recipes By Alix • Tasty,"Watch Alix make these delicious dessert recipes! If you want more of Tasty, check out our merch here: https://amzn.to/2GJ2xvv Subscribe to Tasty: ...",https://i.ytimg.com/vi/RaPaiOL_Fzw/default.jpg
2019-03-21T22:00:00Z,Churro Recipes All Dessert Lovers Will Enjoy • Tasty,"If you love churros, you need to try out these sweet recipes. If you want more of Tasty, check out our merch here: https://amzn.to/2GJ2xvv Get the recipe; ...",https://i.ytimg.com/vi/I5WKQrD2d-A/default.jpg
2020-05-17T19:00:06Z,How To Make A 3-Course Meal In One Pan • Tasty,Katie shows us how to cook a 3-course meal in one pan! To check out classic Tasty recipes on our NEW @Tasty Recipes YouTube page ...,https://i.ytimg.com/vi/dthjauMsbRw/default.jpg
2020-02-22T17:00:10Z,5 Quick &amp; Easy Peanut Butter Treats • Tasty,"Quick, easy and effortlessly delicious! Peanut butter has never tasted so good! Shop the NEW Tasty Merch: https://bzfd.it/shoptastyyoutube Subscribe to Tasty: ...",https://i.ytimg.com/vi/e0RQyszjIWM/default.jpg
2018-09-29T15:00:02Z,The Magic Of Bread Making,Making bread is a time-consuming but magical process. Follow the producer: @vaughn Follow L'Imprimerie: @limprimerie http://limprimerie.nyc/ Follow Breads ...,https://i.ytimg.com/vi/EGbNI26PPYg/default.jpg
2020-01-19T20:00:02Z,11 Money-Saving Recipes To Live Within Your Budget • Tasty,Balling on a budget is how we like to live! Here are 11 money-saving recipes to stay on budget this month. Shop the NEW Tasty Merch: ...,https://i.ytimg.com/vi/ft0FMx-6dtE/default.jpg
2018-10-13T15:00:10Z,How Cheese Is Made,"""The better the milk, the better the cheese. Everybody believes that."" Beecher's Handmade Cheese: http://beechershandmadecheese.com/ 5 Spoke Creamery: ...",https://i.ytimg.com/vi/wxm8jTzU_8o/default.jpg
2019-07-21T15:00:09Z,Handmade Vs. Machine-Made Pasta And Meatballs • Tasty,Handmade versus machine-made pasta. Is one really easier than the other and can you taste the difference? Recipe for the tomato sauce: ...,https://i.ytimg.com/vi/vj-_Wxkk3HE/default.jpg
2020-02-26T17:00:09Z,Can This Chef Recreate My Mom&#39;s Lemon Meringue Pie? • Tasty,Can this chef recreate Destinee's mom's lemon meringue pie? Shop the NEW Tasty Merch: https://bzfd.it/shoptastyyoutube Subscribe to Tasty: ...,https://i.ytimg.com/vi/Qw_mo6aojdU/default.jpg
2019-12-30T17:00:14Z,12 Amazing Ways To Cook Your Eggs • Tasty,Shop the NEW Tasty Merch: https://bzfd.it/shoptastyyoutube Subscribe to Tasty: https://bzfd.it/2ri82Z1 About Tasty: The official YouTube channel of all things ...,https://i.ytimg.com/vi/cd0UeFEb4WA/default.jpg
2018-12-19T02:00:01Z,8 Delicious Appetizers For Your Next Party,Check us out on Facebook! - facebook.com/buzzfeedtasty Credits: https://www.buzzfeed.com/bfmp/videos/73862.,https://i.ytimg.com/vi/699Pl-yOjCc/default.jpg
2020-04-07T16:00:32Z,I Baked A Dessert Using Only Random Pantry Items • Tasty,Katie baked a dessert using random items in her pantry! What kind of dessert could you make with yours? We're mindful of how the current coronavirus outbreak ...,https://i.ytimg.com/vi/y6DP9oWHg9c/default.jpg
2020-01-23T23:00:09Z,5 Creative Sushi Recipes • Tasty,Who said you shouldn't play with your food? Get creative and try out these mesmerizing sushi recipes. Shop the NEW Tasty Merch: ...,https://i.ytimg.com/vi/ogl4RyqSpeA/default.jpg
2018-11-19T02:00:00Z,5 Delicious Soufflé Recipes,Check us out on Facebook! - facebook.com/buzzfeedtasty Credits: https://www.buzzfeed.com/bfmp/videos/71169 MUSIC Licensed via Audio Network.,https://i.ytimg.com/vi/9YNbXb2lZZQ/default.jpg
2020-05-02T22:00:14Z,I Made Only Microwave Recipes For A Day • Tasty,"From bbq chicken nachos to chocolate lava cake, follow along as Alvin cooks only microwave recipes for a day. Follow Alvin on Instagram: ...",https://i.ytimg.com/vi/fe3Vr8Pz-DM/default.jpg
2019-08-18T15:00:06Z,How A Food Stylist Makes A Peanut Butter &amp; Jelly Sandwich • Tasty,"Peanut butter and jelly. It might seem simple, but to a food stylist it can be an infinite number of possibilities. Subscribe to Tasty: https://bzfd.it/2ri82Z1 About ...",https://i.ytimg.com/vi/gszlrfob3y4/default.jpg
2020-04-26T16:00:32Z,I Tried A 140-Year-Old Jambalaya Recipe • Tasty,"Where did this southern staple get its start? To get the scoop on Jambalaya, Hannah Hart cooks alongside author and culinary historian Michael Twitty. Follow ...",https://i.ytimg.com/vi/_Cn4xp-QAU4/default.jpg
2020-02-17T17:00:01Z,I Tried To Make 5 Dinners For 2 For Only $20 • Tasty,Can Andrew feed 2 people for a week on only $20 and still make it tasty? Shop the NEW Tasty Merch: https://bzfd.it/shoptastyyoutube Subscribe to Tasty: ...,https://i.ytimg.com/vi/avVvRY6HbMw/default.jpg
2020-01-31T23:00:11Z,Delicious And Unique Hot Chocolate Recipes • Tasty,Chocolate is always a good idea! Here are some delicious and unique ways to use hot chocolate. Shop the NEW Tasty Merch: https://bzfd.it/shoptastyyoutube ...,https://i.ytimg.com/vi/_NNaidA_I3g/default.jpg
2020-04-12T19:00:02Z,I Tried A 550-Year-Old Ravioli Recipe • Tasty,Where did these pasta packages stuffed with delicious surprises come from? Hannah Hart explores the surprising origins of an Italian staple—Ravioli. Follow ...,https://i.ytimg.com/vi/3-Rye-2L_8o/default.jpg
2020-05-16T19:30:02Z,I Made A Cheesecake With Only 4 Ingredients • Tasty,Can you make an entire baked cheesecake with only 4 ingredients? Follow Alvin as he takes on the challenge to recreate a classic dessert with limited items.,https://i.ytimg.com/vi/ozmGJuTc-Rc/default.jpg
2020-01-28T02:00:05Z,20 Recipes You Should Learn In Your 20s • Tasty,Learn these super easy recipes and thank us later when you're full and happy! Shop the NEW Tasty Merch: https://bzfd.it/shoptastyyoutube Subscribe to Tasty: ...,https://i.ytimg.com/vi/fcD94e93cCk/default.jpg
2020-05-03T16:00:02Z,"I Tried A 2,000-Year-Old Mead Recipe • Tasty","Today, Hannah Hart is in for a brewed awakening as she explores the history of an age-old brew—Mead! Follow Hannah Hart here: Instagram: ...",https://i.ytimg.com/vi/3h4klZl05Kc/default.jpg
2019-08-05T16:00:08Z,7 Satisfyingly Easy No-Bake Desserts • Tasty,Try these 7 satisfying no-bake desserts Subscribe to Tasty: https://bzfd.it/2ri82Z1 Subscribe to Tasty Newsletters: https://bzfd.it/2SC4h0S About Tasty: The official ...,https://i.ytimg.com/vi/N7olWC7BeKY/default.jpg
2020-04-26T15:00:32Z,Recipe Exchange Student // Can My Friend Follow This Recipe In Japanese? • Tasty,Can Gadiel follow this recipe in Japanese? Follow Rie on Instagram: https://www.instagram.com/thedessertsnob/ Follow Gadiel on Instagram: ...,https://i.ytimg.com/vi/qWm_gzheI6M/default.jpg
2020-03-29T15:00:08Z,I Made Only 3-Ingredient Recipes For A Day • Tasty,"From whipped coffee to jiggly omelettes, Alvin spends his day making fun 3-ingredient creations at home. We're mindful of how the current coronavirus outbreak ...",https://i.ytimg.com/vi/86QgYvlWEU0/default.jpg
2020-05-12T16:00:13Z,I Tested 10 Popular Banana Bread Hacks • Tasty,That banana bread is so hot right now! Follow Inga on Instagram: https://www.instagram.com/ingatylam/ Subscribe to Inga on YouTube: ...,https://i.ytimg.com/vi/T2gcdGjZbS0/default.jpg
2018-11-09T02:00:01Z,17 Microwaveable Late-Night Snacks,Check us out on Facebook! - facebook.com/buzzfeedtasty Credits: https://www.buzzfeed.com/bfmp/videos/70289 MUSIC Licensed via Audio Network.,https://i.ytimg.com/vi/iARG9TXtlFI/default.jpg
2020-02-03T02:00:40Z,5 Ice Cream Cake Recipes You Need In Your Life • Tasty,Making it easier for you to be just that bit closer to your favorite dessert. Here are 5 ice cream cake recipes that you need in your life ASAP! Shop the NEW Tasty ...,https://i.ytimg.com/vi/LORrGRccn04/default.jpg
2017-08-31T01:00:02Z,5 Easy After School Snacks,Download the new Tasty app: http://tstyapp.com/m/mFqUXJtD3E Reserve the One Top: http://bit.ly/2v0iast Check us out on Facebook!,https://i.ytimg.com/vi/mgjk7HUg1y4/default.jpg
2020-05-08T20:00:15Z,One-Pot. Kid Friendly. Mom Approved: Hamburger Helper From Scratch • Tasty,"Winners of Tasty's Quarantine challenge, Kelly and her adorable son Dylan, show us how to make a one-pot elevated hamburger helper in less than 30 minutes.",https://i.ytimg.com/vi/SwWFhzgXgsk/default.jpg
2020-03-18T16:00:11Z,4-Min Vs. 40-Min Vs. 4 Hour Cinnamon Rolls • Tasty,Which version of cinnamon roll are you making? We're mindful of how the current coronavirus outbreak might be affecting your access to stores and general ...,https://i.ytimg.com/vi/P9yfmrVbkiw/default.jpg
2019-09-29T19:00:03Z,5 Fast Food Recipes You Can Make At Home • Tasty,5 fast food recipes you can make at home for the same taste without the hassle of leaving your house! Shop the NEW Tasty Merch: ...,https://i.ytimg.com/vi/coK5wE7DSV0/default.jpg
2019-10-20T22:00:04Z,6 Mesmerizing Desserts You Can Make At Home • Tasty,Satisfy your dessert cravings with these mesmerizing options 🤩 Recipes: https://tasty.co/compilation/mesmerizing-desserts-you-can-make-at-home Shop the ...,https://i.ytimg.com/vi/lDZ0fQoeNCQ/default.jpg
2018-11-17T02:00:05Z,6 Tasty Giant Foods,Get the recipe: https://tasty.co/compilation/giant-food Check us out on Facebook! - facebook.com/buzzfeedtasty Credits: ...,https://i.ytimg.com/vi/sAEXLWt2GqA/default.jpg
2020-05-07T19:00:01Z,I Made Fried Chicken And Waffles With Leftover Sourdough Starter • Tasty,"Sourdough starter is good for more than just bread! Today, Matt shows you how to use it for fried chicken and sourdough waffles. Follow Matt on Instagram: ...",https://i.ytimg.com/vi/a_TwEAo9RuU/default.jpg
2019-02-07T17:00:05Z,9 Snacks To Make For Your Next Party • Tasty,Be the hostess with the mostest and wow your guests with delicious snacks! Subscribe to Tasty: https://bzfd.it/2ri82Z1 About Tasty: The official YouTube channel ...,https://i.ytimg.com/vi/wwUSi-GVqsY/default.jpg
2020-04-22T16:00:07Z,Cheesy Italian Buns From Joe Sasto&#39;s Home • Tasty,Joe Sasto shows you how to make the ultimate cacio y pepe steamed buns from the comfort of his home. Follow Joe on Instagram: ...,https://i.ytimg.com/vi/C7ESfj5OQC0/default.jpg
2020-05-27T20:00:00Z,How To Make 3 Different Recipes With Kimchi • Tasty,TikTok's Cafemaddy shows us three creative ways of cooking with kimchi! https://www.cafemaddy.com/ Follow Maddy on TikTok: ...,https://i.ytimg.com/vi/63nD0oPjQTo/default.jpg
2019-09-05T19:00:06Z,Chicken Dinner Recipes You&#39;ll Never Get Bored Of • Tasty,Get the recipes here: https://tasty.co/compilation/5-delicious-chicken-dinner-recipes-you-ll-never-get-bored-of Subscribe to Tasty: https://bzfd.it/2ri82Z1 About ...,https://i.ytimg.com/vi/c20PUnVNtxU/default.jpg
2020-04-15T16:00:25Z,I Made Only Egg Recipes For A Day • Tasty,Follow along as Alvin spends his day making a variety of egg recipes at home. Hiroyuki Deguchi's Two-Tone Omelet Rice: https://youtu.be/rlaALTylJcc ...,https://i.ytimg.com/vi/oBEGwWv3qtY/default.jpg
2019-01-10T23:00:00Z,Challenging Dessert Recipes That Will Gain You Professional Chef Status • Tasty,"Subscribe to Tasty: https://bzfd.it/2ri82Z1 About Tasty: The official YouTube channel of all things Tasty, the world's largest food network. From recipes ...",https://i.ytimg.com/vi/26w2tePmHqY/default.jpg
2019-01-10T23:00:00Z,Challenging Dessert Recipes That Will Gain You Professional Chef Status • Tasty,"Subscribe to Tasty: https://bzfd.it/2ri82Z1 About Tasty: The official YouTube channel of all things Tasty, the world's largest food network. From recipes ...",https://i.ytimg.com/vi/26w2tePmHqY/default.jpg
2020-05-11T19:00:00Z,I Made Freezer-Friendly Breakfast Burritos • Tasty,Kiano makes frozen breakfast burritos from scratch! Check out Kiano on Instagram: https://www.instagram.com/kianomoju/ Check out Jikoni on YouTube: ...,https://i.ytimg.com/vi/2k0rlT-HK8g/default.jpg
2020-05-18T19:00:11Z,How To Make Perfect Scones • Tasty,Kiano shows us how to make the perfect scone! Check out Kiano on Instagram: https://www.instagram.com/kianomoju/ Check out Jikoni on YouTube: ...,https://i.ytimg.com/vi/girpGVZ1U3o/default.jpg
2018-10-11T19:00:04Z,5 Tasty Noodle Recipes,Check us out on Facebook! - facebook.com/buzzfeedtasty Credits: https://www.buzzfeed.com/bfmp/videos/68309 MUSIC Licensed via Audio Network.,https://i.ytimg.com/vi/gElJoZHod-U/default.jpg
2020-04-17T19:00:15Z,Quarantini Challenge 4 Ways • Tasty,Raise your glass for Quarantine happy hour with your friends. Make a few of these Tasty cocktail recipes for your next virtual hang! We're mindful of how the ...,https://i.ytimg.com/vi/iFAF2RojfQg/default.jpg
2019-05-15T22:00:02Z,10 Mouthwatering Recipes For Potato Lovers • Tasty,"10 mouthwateringly good ways to use a potato! You can't go wrong! If you want more of Tasty, check out our merch here: https://amzn.to/2GJ2xvv Subscribe to ...",https://i.ytimg.com/vi/fLNWeEen35Y/default.jpg
2020-05-25T17:00:32Z,How To Make The Perfect Memorial Day Smash Burger • Tasty,"This Memorial Day, have your own smash burgers at home with a little help from Joe Sasto. Joe Sasto's Cheesy Italian Buns: ...",https://i.ytimg.com/vi/uYj0KxtN3rg/default.jpg
2019-09-17T16:00:06Z,8 Quick And Healthy Breakfast Recipes • Tasty,Check out these 8 recipes for a quick and healthy breakfast! Shop the NEW Tasty Merch: https://bzfd.it/shoptastyyoutube Subscribe to Tasty: https://bzfd.it/2ri82Z1 ...,https://i.ytimg.com/vi/TFXqBkAToLk/default.jpg
2019-10-02T22:00:02Z,18 After School Snacks Anyone Can Make • Tasty,18 easy after school snacks you can make with your kids! Shop the NEW Tasty Merch: https://bzfd.it/shoptastyyoutube Subscribe to Tasty: https://bzfd.it/2ri82Z1 ...,https://i.ytimg.com/vi/LDqrrCjKlhU/default.jpg
2019-06-20T19:00:07Z,10 Easy And Fancy Dinner Recipes • Tasty,"Dinner this week just got a whole lot easier! If you want more of Tasty, check out our merch here: https://amzn.to/2GJ2xvv Subscribe to Tasty: ...",https://i.ytimg.com/vi/XBJKi2tcKkE/default.jpg
2020-04-10T15:00:06Z,3-Minute Vs. 30-Minute Vs. 3-Hour Curry • Tasty,"Kanchan teaches us how to make a 3-minute, 30-minute, and 3-hour curry. Which one will you try first? Follow Kanchan on Instagram: ...",https://i.ytimg.com/vi/ChLHWoXitQU/default.jpg
2020-04-19T19:00:02Z,I Tried A 140-Year-Old Cake Recipe • Tasty,The past few years have seen a Red Velvet explosion! Hannah Hart explores the history of when and where these colorful cakes come from. Follow Hannah ...,https://i.ytimg.com/vi/7cvciybJJUM/default.jpg
2019-09-28T22:00:02Z,Indulging Snacks You&#39;ll Crave All Day Long • Tasty,Satisfy those hunger pangs with these delicious snacks! Shop the NEW Tasty Merch: https://bzfd.it/shoptastyyoutube Subscribe to Tasty: https://bzfd.it/2ri82Z1 ...,https://i.ytimg.com/vi/OYSkbiGeFEA/default.jpg
2020-04-12T00:00:09Z,"Saturday Night Passover Seder feat. Dan Levy, Finn Wolfhard, Billy Porter, Idina Menzel &amp; More","Welcome to our Seder table. Sit back (seriously, recline!) and join your favorite stars to celebrate Passover through music and comedy as we raise funds for the ...",https://i.ytimg.com/vi/QGRsH2Qti_Q/default.jpg
2020-05-21T19:30:03Z,I Made 3 Meals With Only 5 Ingredients • Tasty,Don't have a lot in your kitchen? Matt shows you how to cook for a full day with only 5 ingredients. Check out the recipes here (available on iOS): ...,https://i.ytimg.com/vi/RLNkCcnTPYM/default.jpg
2019-11-30T02:00:00Z,Apple Pie 7 Ways • Tasty,Why stop at 1 way to eat apple pie when you can have 7? Shop the NEW Tasty Merch: https://bzfd.it/shoptastyyoutube Subscribe to Tasty: https://bzfd.it/2ri82Z1 ...,https://i.ytimg.com/vi/AOqGDm7l9z0/default.jpg
2018-09-21T16:00:03Z,43 Easy 3-Ingredient Recipes,Find all the recipes in this video here: https://tasty.co/compilation/44-easy-3-ingredient-recipes To check out classic Tasty recipes on our NEW @Tasty Recipes ...,https://i.ytimg.com/vi/IFe6ag34eMg/default.jpg
2019-12-20T17:00:18Z,I Tested The Grilled Cheese Sandwich Toaster • Tasty,Is this grilled cheese sandwich toaster worth the hype? Get the toaster for yourself: https://amzn.to/34DIkj0 Shop the NEW Tasty Merch: ...,https://i.ytimg.com/vi/uvDlArbplEY/default.jpg
2020-04-29T19:02:31Z,Pie Challenge: Would You Rather Have A Pretzel Pie or Chocolate Pecan Pie? • Tasty,Betsy's crushed pretzel pie or Amanda's chocolate pecan pie? Follow Betsy on Instagram: instagram.com/livinmybetslife/ Follow Amanda on Instagram: ...,https://i.ytimg.com/vi/mMaK2p9-8_Y/default.jpg
2020-01-24T20:00:02Z,6 Mouthwatering Donut Recipes • Tasty,"Donut worry about it, we won't judge if you eat every single one. Shop the NEW Tasty Merch: https://bzfd.it/shoptastyyoutube Subscribe to Tasty: ...",https://i.ytimg.com/vi/D-pRTLuI4Ls/default.jpg
2019-07-16T16:00:04Z,10 Pancake Stacks You Won&#39;t Be Able To Resist • Tasty,"These pancake stacks are irresistible! Subscribe to Tasty: https://bzfd.it/2ri82Z1 About Tasty: The official YouTube channel of all things Tasty, the world's largest ...",https://i.ytimg.com/vi/I5NIWGpil8Q/default.jpg
2018-09-29T22:00:02Z,Late Night Snacks pt. 2,Get the recipe! - https://tasty.co/compilation/late-night-snacks-pt-2 Shop the Tasty kitchenware collection here: http://bit.ly/2IooLS4 Check us out on Facebook!,https://i.ytimg.com/vi/NRxu32EmWRY/default.jpg
2018-10-23T19:00:08Z,Killer Halloween Recipes and Decorations,Check us out on Facebook! - facebook.com/buzzfeedtasty Credits: https://www.buzzfeed.com/bfmp/videos/68737 MUSIC Licensed via Audio Network.,https://i.ytimg.com/vi/juKWOTRpbsg/default.jpg
2020-02-19T17:00:11Z,15-Minute Vs. 50-Minute Vs. 5-Hour Donuts • Tasty,Donuts are delightfully delicious! Here are three different ways to enjoy this wonderful treat! Follow Joe Sasto On Instagram: ...,https://i.ytimg.com/vi/PUs3XYKVmjU/default.jpg
2020-03-09T16:00:02Z,I Tested Amazon&#39;s Best-Selling Air Fryer • Tasty,"Alix is testing Amazon's best selling air fryer, the Ninja AF Max XL. How well will it actually work? We're testing it out for you! Order your own Ninja Airfryer now: ...",https://i.ytimg.com/vi/8K7XiEOx3Fw/default.jpg
2019-11-12T17:00:09Z,3-Minute Vs. 3-Hour Vs. 3-Day Pizza • Tasty,"Celebrate the holidays with new Tasty Talent, Joe Sasto, as he shares 3 amazing pizza recipes for 3 different occasions. Follow Joe on Instagram: ...",https://i.ytimg.com/vi/uuq-clz_IPU/default.jpg
2020-02-23T17:00:01Z,10 British Desserts We Should All Be Making • Tasty,Shop the NEW Tasty Merch: https://bzfd.it/shoptastyyoutube Subscribe to Tasty: https://bzfd.it/2ri82Z1 About Tasty: The official YouTube channel of all things ...,https://i.ytimg.com/vi/aseAakq4Qiw/default.jpg
2019-11-21T20:00:08Z,Can These Chefs Create This Kid&#39;s Dream Breakfast? • Tasty,Tasty Chefs Katie and Rie compete to turn Lynea's mystical creature drawing into incredible real-world dishes with the help of Jimmy Dean® Biscuit Roll-Ups.,https://i.ytimg.com/vi/knwU3QdHVUg/default.jpg
2019-12-03T23:00:04Z,6 Warm And Hearty Ratatouille Recipes • Tasty,Ratatouille is mesmerizing to look at and delicious to eat. These 6 recipes will be the showstoppers you need whilst filling your stomach! Shop the NEW Tasty ...,https://i.ytimg.com/vi/O8JASd1jdZ0/default.jpg
2020-03-24T20:30:02Z,I Tested The Most Popular Hot Dog Toaster • Tasty,Check out the Hot Dog Toaster here! https://bzfd.it/2UfiH61 Shop the NEW Tasty Merch: https://bzfd.it/shoptastyyoutube Subscribe to Tasty: https://bzfd.it/2ri82Z1 ...,https://i.ytimg.com/vi/qO0hjitaLzU/default.jpg
2020-05-24T19:30:01Z,How To BBQ on a Stove Top Grill • Tasty,No grill for a backyard BBQ? No worries! Let us show you how to get that genuine barbecue feel from this stove top grill straight from amazon! Jermaine's latest ...,https://i.ytimg.com/vi/pqMRaMdXQVo/default.jpg
2017-11-02T16:00:32Z,25 Chicken Recipes,Reserve the One Top: http://bit.ly/2v0iast Looking for a specific recipe? Here's the list of them in order: 00:10 Creamy Chicken Bacon Pesto Pasta ...,https://i.ytimg.com/vi/jPOxWOE-3Xk/default.jpg
2018-10-18T22:00:00Z,17 Tasty Pie Recipes,Check us out on Facebook! - facebook.com/buzzfeedtasty Credits: https://www.buzzfeed.com/bfmp/videos/68681 MUSIC Licensed via Audio Network.,https://i.ytimg.com/vi/A5rUhGZk4ds/default.jpg
2018-02-11T20:00:29Z,25 Mac &#39;N&#39; Cheese Recipes,Reserve the One Top: http://bit.ly/2v0iast Check us out on Facebook! - facebook.com/buzzfeedtasty Credits: https://www.buzzfeed.com/bfmp/videos/47238 ...,https://i.ytimg.com/vi/LDVlaYYjf-w/default.jpg
2018-12-11T20:00:02Z,10 Rice Recipes To Fill You Up For Dinner,Check us out on Facebook! - facebook.com/buzzfeedtasty Credits: https://www.buzzfeed.com/bfmp/videos/73092 MUSIC Licensed via Audio Network.,https://i.ytimg.com/vi/TSE-LfuoEVs/default.jpg
2019-05-24T18:01:15Z,Making It Big: Season 1,Follow Alvin as he transforms his friends' food dreams into big realities!,https://i.ytimg.com/vi/q5Un0Dd0TIU/default.jpg
2020-04-17T18:57:28Z,Cooking At Home,,https://i.ytimg.com/vi/63nD0oPjQTo/default.jpg
2019-07-12T23:26:52Z,Make It Fancy,,https://i.ytimg.com/vi/BcfJjV0MpXY/default.jpg
2019-11-14T19:53:30Z,Eating Your Feed : Season 3,,https://i.ytimg.com/vi/3WRxo-4pLTY/default.jpg
2016-03-23T22:21:53Z,Dinner,,https://i.ytimg.com/vi/63nD0oPjQTo/default.jpg
2019-05-24T17:30:15Z,"I Draw, You Cook : Season 2",Two chefs compete to create a dish based off a child's wild imagination.,https://i.ytimg.com/vi/vJqEYwrcLBs/default.jpg
2019-11-07T21:53:25Z,"I Draw, You Cook : Season 3",,https://i.ytimg.com/vi/PjiF8XmVDso/default.jpg
2019-10-25T16:55:57Z,Holiday Recipes,,https://i.ytimg.com/vi/NG2EBvK7cIk/default.jpg
2019-08-23T18:36:12Z,Chef Out Of Water,,https://i.ytimg.com/vi/RPGHKJUOl8I/default.jpg
2016-03-23T23:16:08Z,Desserts,,https://i.ytimg.com/vi/tcNrpY65ppE/default.jpg
